time,flux,flux_err
200.32408500967722,0.999955125290381,nan
200.3247661127025,1.0001805606901286,nan
200.32544721572776,1.000082580962213,nan
200.32612831898587,0.9997462161297189,nan
200.3268094220184,0.9996799051791138,nan
200.3274905250437,0.999845145962096,nan
200.32817172830255,0.9999086307989302,nan
200.32885283132782,1.0000795809029737,nan
200.3295339343531,1.000053854900701,nan
200.33021513761196,1.000058402723848,nan
200.3308962406445,1.000130012677486,nan
200.33157724366902,1.0000061685573445,nan
200.33225834692712,1.0000851992709707,nan
200.33293954995315,1.000531180019847,nan
200.33362065297842,0.9999612915002661,nan
200.33430185624456,1.0002318845912588,nan
200.33498295926984,0.9998695940952272,nan
200.3356640622951,0.9999718340288027,nan
200.33634526532114,0.999789259528449,nan
200.33702626857848,0.999747250796761,nan
200.33770737161103,1.000183490652339,nan
200.3383884746363,1.0001387973530917,nan
200.33906967789517,0.9996411184590637,nan
200.33975078092044,0.999549816713552,nan
200.34043198394647,0.9998993130646564,nan
200.34111308720458,0.9999008625464865,nan
200.34179419023712,0.999719252351802,nan
200.34247539326316,0.9999655014058908,nan
200.3431563965205,0.9997597271896802,nan
200.34383749954577,1.0001514809018885,nan
200.3445187025718,0.999845416442379,nan
200.34519980583718,1.0000442319282807,nan
200.34588090886245,1.000048403102918,nan
200.3465621118885,0.9999771644186778,nan
200.34724321491376,1.0002869773744119,nan
200.34792431817186,1.0000781857556922,nan
200.3486054212044,0.9996898323338383,nan
200.34928652422968,1.0001164552341077,nan
200.34996762748779,0.9999201197156107,nan
200.35064873051306,0.9998448444674423,nan
200.3513299335391,0.9999941315641124,nan
200.3520110367972,1.0002322429323347,nan
200.35269213982974,1.0002218349423284,nan
200.35337334285578,0.9999577005291443,nan
200.3540543458803,0.9996638243852134,nan
200.3547354491384,0.9997740259392004,nan
200.35541655217094,1.000251925708477,nan
200.35609775519697,1.0002807919453258,nan
200.35677885845507,1.0001849363295028,nan
200.35745996148034,1.000341965244527,nan
200.35814116450638,1.0002273590059843,nan
200.35882226753165,0.9998890512330116,nan
200.35950327079627,1.0002100810347994,nan
200.3601844738223,0.9997696669273698,nan
200.36086557684757,1.0000987401186974,nan
200.36154668010568,0.9999485488911192,nan
200.3622278831317,0.999831157703568,nan
200.36290898616426,0.9998270806661449,nan
200.3635901891903,0.9994050530785095,nan
200.3642712924484,0.9999166676019283,nan
200.3649522954729,1.0003504041905351,nan
200.36563339849818,0.9998105210388862,nan
200.36631460175704,0.9995459029743645,nan
200.3669957047896,1.0000199187978491,nan
200.36767690781562,0.9998749321777021,nan
200.3683580108409,0.9999130969505292,nan
200.369039114099,0.9999694087611615,nan
200.36972031712503,0.9998144684580478,nan
200.37040132015682,0.999740373837766,nan
200.3710824231821,0.9998843616066903,nan
200.3717635264402,0.9998242868368407,nan
200.37244472946622,1.0000932728450405,nan
200.3731258324915,0.9998469723452807,nan
200.37380703551753,1.0002242742297052,nan
200.3744881387829,0.9999602034840729,nan
200.37516924180818,1.0000157162491392,nan
200.3758502448327,0.9999377363240746,nan
200.37653144785872,0.9999701795164371,nan
200.3772125511241,0.9997207451155219,nan
200.37789365414937,1.0000136655221237,nan
200.3785748571754,0.9996942502920453,nan
200.3792559604335,1.0000618598586863,nan
200.37993706345878,0.999847593598599,nan
200.38061826648482,1.0001764566001596,nan
200.3812992695166,0.9998788877648481,nan
200.3819803727747,1.0001118089546692,nan
200.38266147579998,0.9999578070071589,nan
200.383342678826,0.9998750635010345,nan
200.38402378185128,1.0000964053735715,nan
200.38470488511666,0.9996221746276444,nan
200.3853860881427,0.9999406918110909,nan
200.38606719116797,0.9998596307379182,nan
200.38674819419248,1.0001840127195085,nan
200.38742939745134,1.0000132267380535,nan
200.3881105004839,1.0001393149260598,nan
200.38879160350916,1.0001191302614,nan
200.3894728065352,1.0003650585486599,nan
200.3901539097933,0.9998003597183625,nan
200.39083501281857,0.9999853743085718,nan
200.3915162158446,1.0001380956017565,nan
200.3921972188764,0.999953827658683,nan
200.39287832190166,0.9998748416643815,nan
200.39355942515976,0.9996470393828479,nan
200.3942406281858,1.0002218848611415,nan
200.39492173121107,1.0000963515110457,nan
200.39560293424438,1.000120751899222,nan
200.39628403750248,1.000032557024939,nan
200.39696514052775,1.0001807589514382,nan
200.39764614355227,0.9999015470875083,nan
200.3983273465783,0.9998794781789173,nan
200.39900844984368,1.000101251731236,nan
200.3996896528697,1.0003079467010398,nan
200.40037075589498,0.9998575158856723,nan
200.40105185892025,1.0004561427080836,nan
200.4017330619463,0.9998287310427297,nan
200.4024141652044,1.00007377726853,nan
200.40309516823618,1.0002085606993363,nan
200.4037763712622,1.000104716953011,nan
200.40445747428748,1.0004254785669253,nan
200.40513857754559,1.000094084739894,nan
200.40581978057162,0.9998046216955168,nan
200.40650088360417,0.9997918292695811,nan
200.40718198662944,1.0000041133869868,nan
200.40786318965547,1.0001480151700872,nan
200.4085441929128,1.0000374251001298,nan
200.40922529593809,1.0000624384458785,nan
200.40990639897063,0.9999598776409258,nan
200.41058760199667,0.9996881256909382,nan
200.41126870525477,1.0002649822874028,nan
200.41194980828004,1.0001429540175577,nan
200.41263101130608,0.9999830886973614,nan
200.41331211433862,1.0001065174498205,nan
200.4139932173639,0.9999656890893924,nan
200.414674320622,1.0005905563270348,nan
200.41535542364727,0.9999066678058917,nan
200.41603652667254,1.0001638351959528,nan
200.41671772969858,0.9999130950803155,nan
200.41739883273112,0.9998801554329952,nan
200.41807993598923,1.0001491899402088,nan
200.41876113901526,0.9998606068522006,nan
200.41944224204053,0.9997854090645852,nan
200.42012324506504,0.9995857065189852,nan
200.4208043480976,1.0000184820262765,nan
200.42148555135645,1.0002418198945164,nan
200.42216665438173,1.0001360892312199,nan
200.42284785740776,1.0001307813513063,nan
200.42352896043303,1.000249584421295,nan
200.42421006346558,0.9999384552407393,nan
200.4248912664916,1.0002187340444684,nan
200.42557226974895,0.9998446854975902,nan
200.42625337277423,1.0001105897086189,nan
200.4269344757995,0.9998987756806604,nan
200.42761567882553,0.9997409275383794,nan
200.42829678185808,0.9997471281619585,nan
200.42897798511694,1.0000713342144616,nan
200.42965908814222,1.000178118168044,nan
200.4303401911675,0.9998890563772231,nan
200.43102119419927,1.0000890943685128,nan
200.4317023972253,1.000307014465635,nan
200.4323835004834,1.0000652317266383,nan
200.43306470350944,0.9999835594967419,nan
200.43374580653472,1.0001053313705313,nan
200.43442690956,0.9999798535242989,nan
200.43510801259254,0.9997391725142287,nan
200.43578921561857,0.9996021824304635,nan
200.4364702188759,1.0000056089009581,nan
200.43715132190118,1.0003280987207366,nan
200.43783252492722,1.0001550936118706,nan
200.43851362795976,1.0000067449034915,nan
200.43919473098504,1.00002733692421,nan
200.43987593401107,1.0001265302882985,nan
200.44055703726917,1.0002891915039918,nan
200.44123814029444,0.9997622234257597,nan
200.44191924331972,0.9998978680940676,nan
200.44260034635226,0.9999651282631051,nan
200.44328144937754,1.0002288583501857,nan
200.4439625524028,1.0000963248028503,nan
200.44464375566167,1.0000195225815998,nan
200.44532485868694,1.0000718623616303,nan
200.4460059617195,0.9999845802869007,nan
200.44668716474553,1.0003168727039016,nan
200.44736816777004,1.000012098245274,nan
200.4480492707953,1.0001156208464226,nan
200.44873047405417,1.000004201849885,nan
200.44941157708672,0.999784731039028,nan
200.450092680112,0.9999157431408492,nan
200.45077388313803,0.9996110335954741,nan
200.4514549861633,0.9994765915601099,nan
200.45213608918857,1.0001125482738764,nan
200.45281719222112,0.9999574564889588,nan
200.45349829547922,1.0004015377581257,nan
200.4541793985045,0.9999556598762802,nan
200.45486060153053,1.0001104826831577,nan
200.4555417045558,0.9994412721942119,nan
200.45622280758107,1.0001671317135885,nan
200.45690401061438,0.9997921851735005,nan
200.45758511387248,1.000320509408099,nan
200.458266116897,0.9998969078523583,nan
200.45894731992303,0.9997489042469548,nan
200.4596284229483,1.0001736124409861,nan
200.46030952598085,1.0000579052527039,nan
200.46099072900688,0.9997065842423513,nan
200.46167183203215,1.0002294594411025,nan
200.46235293505742,1.000029638959647,nan
200.4630341383163,1.0000149908812646,nan
200.46371514134808,1.0002539470152114,nan
200.46439624437335,0.9998851845677068,nan
200.46507744739938,0.9999542359075986,nan
200.46575855042465,1.0001069205433282,nan
200.46643965344992,1.0001131612200544,nan
200.46712085647596,1.0001569066211848,nan
200.4678019595085,1.00001567717525,nan
200.4684830627666,0.999855032551993,nan
200.46916416579188,1.0007110878994048,nan
200.46984526881715,0.999984048144912,nan
200.47052637184242,1.0003151419885774,nan
200.47120747487497,1.0004689234181878,nan
200.471888677901,1.0000404953185285,nan
200.47256978092628,0.9998687554421096,nan
200.47325088418438,1.000165571117959,nan
200.47393208721041,0.9996315985469829,nan
200.4746130902422,1.0001834786347341,nan
200.47529419326747,1.0000178127929715,nan
200.4759753962935,0.9995209054355881,nan
200.47665649931878,1.000111006726594,nan
200.47733760234405,1.0000344275786621,nan
200.4780187053766,1.0002448590494228,nan
200.47869990840263,0.9998969369113769,nan
200.47938101166073,1.0003453603157744,nan
200.48006201468525,1.000023888112623,nan
200.48074321771128,1.0001689677145917,nan
200.48142432073655,1.0000154285045515,nan
200.4821054237691,0.9998788595402094,nan
200.48278662679513,0.9999826663022606,nan
200.4834677298204,0.9999051589879605,nan
200.48414893284644,1.0001510398501274,nan
200.4848300358717,1.0003174819146003,nan
200.4855111391371,0.99994157072019,nan
200.4861921421616,0.9998742129235046,nan
200.48687334518763,0.9999121673603895,nan
200.4875544482129,0.9997694180628632,nan
200.48823565123894,1.0001997227504094,nan
200.4889167542642,1.0003610738878463,nan
200.48959785729676,1.0000322965724644,nan
200.4902790603228,0.9997418498827135,nan
200.49096016334806,0.9998085719199491,nan
200.49164116637257,0.9996504806728773,nan
200.4923223693986,0.9999922449022853,nan
200.493003472664,0.9996652753657681,nan
200.49368457568926,0.999849948312826,nan
200.4943657787153,0.9998726593616638,nan
200.49504688174056,1.0000604394274935,nan
200.49572798476584,1.0003833756716543,nan
200.49640918779187,0.9999567563430894,nan
200.49709019082366,0.9999739196240625,nan
200.49777129384893,1.0001725564941726,nan
200.4984523968742,1.0000448681495087,nan
200.49913359990023,1.0002358770540754,nan
200.49981470293278,0.9996914243943711,nan
200.50049580619088,1.0000032368000238,nan
200.50117700921692,1.000045370731128,nan
200.5018581122422,1.0000617199836854,nan
200.5025391152667,1.0000474429074642,nan
200.50322031829273,1.0001386073413012,nan
200.50390142132528,1.0003731299233638,nan
200.50458252435055,1.0002894020854922,nan
200.50526362737583,1.0000566986670958,nan
200.50594483040186,0.999854828005785,nan
200.50662593342713,1.0000151893806188,nan
200.50730713646044,1.0001027500207036,nan
200.50798813948495,0.9994006456431647,nan
200.50866924251022,1.0002837631147696,nan
200.50935034576833,0.9997191280891655,nan
200.51003154879436,1.000191346761275,nan
200.5107126518269,1.0001215701186859,nan
200.51139375485218,1.0002151611605004,nan
200.5120749578782,1.0004111997585567,nan
200.51275606090348,0.9999735316583099,nan
200.513437063928,0.999768274932819,nan
200.5141182669613,1.0001246799873018,nan
200.51479936998658,0.9998511663387677,nan
200.51548047301185,1.0004782252865627,nan
200.51616167603788,0.9997749917476606,nan
200.51684277906315,1.0003061177311356,nan
200.5175239820892,1.0000597692662538,nan
200.51820508512174,1.00050822154565,nan
200.51888608814625,0.9996256683026511,nan
200.51956719117152,1.000275490909535,nan
200.52024839419755,0.999594951603161,nan
200.52092949745565,1.00036050705195,nan
200.5216107004817,1.000267291580116,nan
200.52229180351424,1.0000143299634388,nan
200.5229729065395,0.9998803299743925,nan
200.52365400956478,0.9999427867835688,nan
200.52433511259005,1.00014557937337,nan
200.5250162156226,1.0000065205479234,nan
200.52569731864787,0.999743112720643,nan
200.5263785216739,0.9998772978491665,nan
200.52705962469918,1.0002840764292027,nan
200.52774072772445,1.000342228974413,nan
200.52842193075048,0.999959306959417,nan
200.52910303378303,1.0000609311368809,nan
200.52978403680754,1.0001351380879373,nan
200.53046523983357,1.0003472716714066,nan
200.53114634285885,0.9998929023340081,nan
200.53182744588412,1.0002152626617329,nan
200.53250854891667,0.9999966408520459,nan
200.5331897519427,1.000187183134256,nan
200.53387085496797,0.9998722670370463,nan
200.53455195799324,1.0001105512847905,nan
200.53523306101852,0.9997145151350032,nan
200.53591416405106,1.0000182702726577,nan
200.53659526707634,1.0002250351056736,nan
200.53727647010237,1.000132827435196,nan
200.53795757336047,0.9998364672869713,nan
200.53863867638574,0.999936298224802,nan
200.53931987941178,0.9999503762378988,nan
200.54000098244433,1.000239140078727,nan
200.54068198546884,0.9995388224148627,nan
200.5413630884941,0.9999821553847605,nan
200.54204429152014,1.000282342626092,nan
200.5427253945454,0.9998400962516445,nan
200.54340659757872,0.9997587629539335,nan
200.544087700604,0.9996936423570598,nan
200.54476880362927,1.0001282430397567,nan
200.5454500066553,1.0000228471230426,nan
200.5461310096798,0.999782280926719,nan
200.54681211271236,1.0000046056564376,nan
200.5474933157384,0.9995444257475368,nan
200.54817441876367,1.000155796130575,nan
200.54885552178894,1.0001784089609795,nan
200.54953672481497,0.9999505582525401,nan
200.55021782784024,0.9999162438999138,nan
200.5508989308728,1.0003062461325916,nan
200.5515799338973,1.0000326103908392,nan
200.55226113692333,0.9996958619548172,nan
200.5529422399486,1.0000594269117369,nan
200.55362344297464,1.0001341747203893,nan
200.5543045460072,1.0001409588279508,nan
200.55498564903246,1.000258844303248,nan
200.5556668520585,1.0000362634973334,nan
200.55634795508377,1.0002641098450262,nan
200.55702905810904,1.0001021417028737,nan
200.55771016114159,0.9996841318948428,nan
200.55839126416686,0.99953667326389,nan
200.55907236719213,1.0002471136966842,nan
200.5597534702174,1.00060609949839,nan
200.56043467324344,1.000132333779652,nan
200.56111577627598,0.9999596783593885,nan
200.56179687930126,1.0003886213297155,nan
200.5624780823273,1.0000278711140536,nan
200.5631590853518,1.0002715111963167,nan
200.56384018837707,0.9998042204029772,nan
200.5645213914031,0.9997135916683588,nan
200.56520249443565,1.000141237012329,nan
200.56588359746092,1.0002561151239802,nan
200.5665647004862,1.0001202605794917,nan
200.56724590351223,1.0000836670912694,nan
200.5679270065375,0.9998016764513296,nan
200.5686080095693,1.000117401322339,nan
200.56928921259532,1.000067615652663,nan
200.5699703156206,1.000089718850989,nan
200.57065141864587,0.9998126440441576,nan
200.5713326216719,1.0000510380896583,nan
200.57201372470445,0.9997446652794576,nan
200.57269492773048,1.000062699557568,nan
200.57337603075575,0.9997931134975421,nan
200.57405703378026,0.9998000738611125,nan
200.57473813680554,1.0001879359352583,nan
200.57541933983885,1.0002485491797288,nan
200.57610044286412,0.9999754001855946,nan
200.57678164589015,1.0003642578606105,nan
200.5774627486826,1.000023889844235,nan
200.57814385170786,0.9999796594289255,nan
200.5788250547339,0.9998625768092549,nan
200.57950605776568,1.0003168534479745,nan
200.58018716079096,0.9997619261156009,nan
200.580868363817,1.0001455908626429,nan
200.58154946684226,1.0000519267960484,nan
200.58223056986753,0.9998480768211515,nan
200.58291177290084,1.0000320904111262,nan
200.58359287592612,1.0000041781787812,nan
200.5842739789514,0.9999226307661107,nan
200.58495508197666,1.0001715127884265,nan
200.58563618500193,1.0001732573472004,nan
200.58631728803448,0.9997301167138855,nan
200.58699839105975,0.9998497646619684,nan
200.58767959408578,1.0001114172724814,nan
200.58836069711106,0.999758581803266,nan
200.58904180013633,0.9998111495016287,nan
200.58972300316236,0.999845779138989,nan
200.59040400619415,1.0000855892347777,nan
200.59108510921942,0.999889002733865,nan
200.59176631224545,0.9999086600534791,nan
200.59244741527073,1.0001085290273344,nan
200.593128518296,0.9997398022314815,nan
200.59380962109572,0.9995164059611795,nan
200.59449082412175,1.0002148067913752,nan
200.59517192714702,1.0000773396296119,nan
200.59585293017153,0.9999241286311474,nan
200.59653413319757,0.9999045781408293,nan
200.5972152362301,0.999841788303096,nan
200.59789633925539,1.0002179189629918,nan
200.59857754228142,1.0002108518291886,nan
200.5992586453067,0.9999183546690735,nan
200.59993974833196,0.9999032844236712,nan
200.600620951358,0.9997697957767073,nan
200.60130195438978,0.999819407813282,nan
200.60198305741505,0.9997140261775757,nan
200.6026642604411,0.9998798671226335,nan
200.60334536346636,0.9998343681008346,nan
200.60402646649163,0.9996397783458126,nan
200.60470766952494,0.9999732309403024,nan
200.60538877231738,1.000141333753788,nan
200.60606997534342,0.9998282987450543,nan
200.60675097836793,0.9999131370837577,nan
200.6074320813932,0.9996958965113045,nan
200.60811318442575,0.9999590144819435,nan
200.60879438745178,0.9998158169900685,nan
200.60947549047705,0.999711900007167,nan
200.61015659350232,0.9996397249705976,nan
200.61083779652836,1.0000000973806125,nan
200.61151889955363,1.0000184194082755,nan
200.61219990258542,1.000146262774768,nan
200.61288110561145,1.000017899218063,nan
200.61356220863672,1.0001438869968837,nan
200.61424331142916,0.9999366685239968,nan
200.6149245144552,1.0005225848494677,nan
200.61560561748774,1.000627838799841,nan
200.61628672051302,1.000367985408904,nan
200.61696792353905,1.0001285791587906,nan
200.61764892656356,0.9996558678975849,nan
200.61833002958883,0.9998776578943541,nan
200.61901123262214,1.00045797791142,nan
200.61969233564741,0.999607343677998,nan
200.6203734386727,0.999748072499588,nan
200.62105454169796,0.9997319479994271,nan
200.621735744724,1.000077000369932,nan
200.6224168475237,1.0001667023857594,nan
200.62309785054822,1.0000198855066307,nan
200.62377905357425,1.0003900680529165,nan
200.62446015659953,0.9999718080249091,nan
200.6251412596248,0.9998683042909547,nan
200.62582246265083,0.9996424491380136,nan
200.62650356568338,1.0001054748983855,nan
200.62718466870865,0.9998064392211314,nan
200.62786587173468,1.0000178091119383,nan
200.6285468747592,1.0002430746570927,nan
200.6292279775589,0.9997044888961247,nan
200.62990908058418,1.0000301483329899,nan
200.63059028361022,0.9998928997276354,nan
200.6312713866355,0.9999493797133804,nan
200.63195258966152,0.9998271936419566,nan
200.6326336926868,1.0000913910291307,nan
200.63331479571934,0.9998092037838263,nan
200.63399599874538,0.9997654466922722,nan
200.6346770017699,0.9997558110488717,nan
200.63535810456233,0.9999291395126121,nan
200.63603930758836,1.0001011233324146,nan
200.6367204106209,1.0000220416793213,nan
200.63740151364618,0.9997607789259364,nan
200.63808271667222,0.9999859733948682,nan
200.6387638196975,0.9996260620978349,nan
200.63944492272276,0.9998122661125711,nan
200.64012592575455,0.9999642569458446,nan
200.64080712878058,0.9997661627896862,nan
200.64148823157302,0.9998445769225859,nan
200.64216943459905,0.9999285422129365,nan
200.64285053762433,0.9999706525663233,nan
200.6435316406496,0.9996263144287648,nan
200.64421284367563,0.9998562242941496,nan
200.64489394670818,0.9999023584156094,nan
200.6455749497327,1.0001016268259075,nan
200.64625615275872,1.0000239179565729,nan
200.64693725555117,0.9997838279941141,nan
200.6476183585837,0.99972046776808,nan
200.64829946160899,1.000228235788498,nan
200.64898066463502,1.0000432128015404,nan
200.6496617676603,0.999644182461141,nan
200.65034287068556,1.0000697334103656,nan
200.65102397371083,1.000011116208968,nan
200.65170507651055,1.0001182347154074,nan
200.65238617953582,1.0000376315659223,nan
200.65306738256186,0.9999380128242288,nan
200.65374848558713,0.9999336575470417,nan
200.6544295886124,0.9998523311089325,nan
200.65511069164495,0.9996626868426882,nan
200.65579189467098,1.0001661307056595,nan
200.6564728976955,1.000332905632878,nan
200.65715400048794,1.0000489849774965,nan
200.65783520351397,0.9999900569247046,nan
200.65851630654652,0.9993191195175317,nan
200.6591974095718,0.999664259705248,nan
200.65987861259782,0.9997653751832335,nan
200.6605597156231,1.0002647218448864,nan
200.6612409184163,0.999989139320971,nan
200.66192192144808,0.9998861667233231,nan
200.66260302447336,0.9997278159399297,nan
200.66328412749863,0.9999871679002695,nan
200.66396533052466,0.9999397109199697,nan
200.66464643354993,1.0000588480458603,nan
200.66532763657597,0.9997082668992938,nan
200.66600873937568,0.999821715233422,nan
200.66668984240096,0.9998119960141632,nan
200.66737084542547,1.0003821410389502,nan
200.6680520484515,1.000025425168762,nan
200.66873315147677,0.9999225713384262,nan
200.66941435451008,1.0000385959507347,nan
200.67009545730252,0.9997664507047617,nan
200.6707765603278,0.9998510078769787,nan
200.67145776335383,0.9996687319897466,nan
200.6721388663791,1.0000658650953336,nan
200.6728198694109,1.0003340223816006,nan
200.67350097243616,0.9998451303318737,nan
200.67418217522936,1.0004034940023514,nan
200.67486327825463,1.0003109470911589,nan
200.6755443812799,0.9998560692635546,nan
200.67622558430594,1.0000571547974075,nan
200.6769066873385,0.9998981857970812,nan
200.67758779036376,0.9997268052843539,nan
200.6782688931562,1.0002887458489955,nan
200.67894999618147,0.9995297242971924,nan
200.67963109920674,1.0000352336775988,nan
200.68031230224005,0.9998218826722082,nan
200.68099340526533,1.0000618799830823,nan
200.6816745082906,0.9999458327556783,nan
200.68235561108304,1.0000829807306402,nan
200.68303681410907,0.9997639856548757,nan
200.68371781714086,1.0003324931866393,nan
200.68439892016613,0.9997009613856715,nan
200.68508012319217,0.9997946034550504,nan
200.6857612259846,1.0002096690352453,nan
200.68644232900988,1.000093842050607,nan
200.6871235320359,1.0001924218187643,nan
200.68780463506846,1.000000660479886,nan
200.68848573809373,0.9999769280325781,nan
200.68916674111824,1.0002564045412723,nan
200.68984794391145,1.0000974030589733,nan
200.690529046944,0.9999399005729067,nan
200.69121014996927,0.9997798864379926,nan
200.6918913529953,1.000009371986874,nan
200.69257245602057,1.0002025237230578,nan
200.69325365881377,0.99969747391841,nan
200.69393476183905,0.9997307508163937,nan
200.69461576487083,1.0002759659199734,nan
200.6952968678961,0.9995952528882707,nan
200.69597807092214,0.9994988780525635,nan
200.69665917371458,1.000128563672947,nan
200.6973403767406,0.9999887211166328,nan
200.69802147976588,0.9998912060693039,nan
200.69870258279843,0.9998985971755574,nan
200.69938378582447,1.000018790526598,nan
200.70006478861615,1.0002057016097157,nan
200.70074589164142,0.9995093835094578,nan
200.70142709466745,1.0001675019103067,nan
200.7021081977,1.0001637629357087,nan
200.70278930072527,1.0002615599335174,nan
200.70347050351847,1.0003187960221867,nan
200.70415160654375,0.9996369375987949,nan
200.70483270956902,0.9999286850013022,nan
200.70551381260157,1.0000764672879816,nan
200.706194915394,1.000089582354236,nan
200.70687601841928,0.99980822442378,nan
200.7075572214453,0.9997176929853493,nan
200.70823832447059,1.0000794999357805,nan
200.70891942750313,0.9999653646512456,nan
200.70960053029557,0.9999607980196786,nan
200.7102817333216,1.0000170743632761,nan
200.71096283634688,1.0001613199996973,nan
200.7116438393714,1.0002524689881445,nan
200.7123250421646,1.0003149386590109,nan
200.71300614519714,0.9996013407516854,nan
200.7136872482224,1.0003043719177749,nan
200.71436835124769,0.9999087129650919,nan
200.71504955427372,0.9998663109621896,nan
200.71573065706616,1.0001114172719667,nan
200.71641186009947,1.0000065647651284,nan
200.71709286312398,1.0000366090016986,nan
200.71777396614925,1.0001132450914436,nan
200.7184550689417,1.0000345389108707,nan
200.71913627196773,0.9998720606005496,nan
200.71981737500028,0.9999241711402687,nan
200.7204985780263,1.000151261793587,nan
200.72117968081875,0.9998007269996746,nan
200.72186078384402,0.9999637080001677,nan
200.72254178686853,1.0002596599495202,nan
200.72322298990184,1.000078864305375,nan
200.7239040929271,1.000183845174628,nan
200.72458529572032,0.9999540177267158,nan
200.7252663987456,1.0001670789595583,nan
200.72594750177086,0.9997497850717052,nan
200.7266287047969,0.9996975512487241,nan
200.7273098075966,0.9999750025327098,nan
200.72799081062112,0.9999060498671956,nan
200.7286719136464,0.9998132834256993,nan
200.72935311667243,1.0003523718015965,nan
200.73003421946487,0.9996597447805649,nan
200.73071542249818,1.000180450665805,nan
200.73139652552345,1.0003434566424316,nan
200.73207762854872,1.0000276171217268,nan
200.73275873134116,1.0004388101418344,nan
200.73343983436644,1.0002712058196062,nan
200.73412093739898,0.9997999293745203,nan
200.73480214042502,0.9999424000048152,nan
200.73548324321746,0.9998928118983759,nan
200.73616434624273,0.9999734726713567,nan
200.736845449268,0.9999727889809469,nan
200.73752665229404,0.9998713614748517,nan
200.73820775509375,0.9996860248332973,nan
200.73888875811826,1.0002391930851626,nan
200.7395699611443,1.0000420420351666,nan
200.74025106393674,0.9998997333211743,nan
200.740932166962,1.0001825016406194,nan
200.74161326999456,1.000476352341525,nan
200.7422944730206,0.9998074585488285,nan
200.74297557581303,1.0000094407337878,nan
200.7436566788383,1.000384907379254,nan
200.74433778186358,1.0000428914485786,nan
200.74501888489613,1.0001256905867257,nan
200.74569998768857,0.9999004994165205,nan
200.7463811907146,1.0000919531173813,nan
200.74706229373987,0.9997893856910159,nan
200.74774339676515,0.9998878768552063,nan
200.74842459955835,1.0000557782193202,nan
200.7491057025909,1.0003049706083094,nan
200.7497867056154,1.0004733653560316,nan
200.7504679084086,1.0001580512289243,nan
200.75114901143388,0.9999809305841778,nan
200.75183011445915,0.9999018406343145,nan
200.75251131749246,0.9999919674306083,nan
200.7531924202849,1.0001064619009983,nan
200.75387352331018,1.0001219742515612,nan
200.7545547263362,1.0003841045149002,nan
200.7552357291279,1.0000475940737361,nan
200.75591683216044,0.999994774794638,nan
200.75659803518647,1.0002865310749234,nan
200.75727913821174,1.0004061221506655,nan
200.75796024100418,0.9999295247940615,nan
200.75864144403022,1.0001609980186053,nan
200.75932254706277,0.9996381957798361,nan
200.7600036498552,1.0001347933782971,nan
200.76068475288048,0.9998361618215917,nan
200.76136585590575,0.9999618826788871,nan
200.76204695893102,1.0000129270398281,nan
200.76272816172423,1.0000030548140308,nan
200.76340926475677,1.0001361254192427,nan
200.76409036778205,0.9998079434440608,nan
200.76477157057525,1.0002176912989522,nan
200.76545267360052,1.000086637134315,nan
200.76613367662503,1.0005831577736302,nan
200.7668148794255,1.00017281997043,nan
200.76749598245078,0.9997407914850366,nan
200.76817708547605,0.9999534476941149,nan
200.76885818850133,1.0000223945213111,nan
200.76953939129453,0.9999126121376526,nan
200.77022049432708,1.0002538744386382,nan
200.77090159735235,1.0000766743810485,nan
200.7715827001448,0.9999629957852266,nan
200.77226380317006,1.0001065623918421,nan
200.77294490619533,1.0001722486543267,nan
200.77362610898854,0.9997739875362784,nan
200.77430721202109,1.0000897912641042,nan
200.77498831504636,0.999823094622113,nan
200.77566951783956,1.0001197849552774,nan
200.77635062086483,1.0003052447526575,nan
200.77703162389662,1.0000037881976356,nan
200.77771272668906,1.0001132178801169,nan
200.7783939297151,1.0001286265127252,nan
200.77907503274037,1.0002461186857494,nan
200.77975613576564,0.9999312529508718,nan
200.78043733855884,0.9995353557549057,nan
200.7811184415914,1.0001462223509314,nan
200.78179964461742,1.0001230996024024,nan
200.78248074740986,1.0002749024700972,nan
200.78316175043437,1.00002569874745,nan
200.78384285345965,0.9996667766377558,nan
200.78452405626012,1.0001044929712581,nan
200.7852051592854,0.9999085736681713,nan
200.78588636231143,0.9998489169087654,nan
200.78656746510387,1.0001239434078393,nan
200.78724856812914,1.0003946705061655,nan
200.78792977115518,0.9997222160654828,nan
200.78861077395413,1.0000294937319032,nan
200.7892918769794,1.0001012073611981,nan
200.78997308000544,1.000029316253399,nan
200.79065418279788,1.0003653185120214,nan
200.79133528582315,1.0000989286776816,nan
200.79201648885646,1.0000517484115115,nan
200.7926975916489,0.9998413875171015,nan
200.79337869467417,1.0005002245163936,nan
200.79405979769945,0.9998711122991797,nan
200.7947409004919,1.0002906918236683,nan
200.79542200352444,1.0000404419887727,nan
200.7961031065497,1.000032666114007,nan
200.7967843093429,0.9998155263502577,nan
200.79746541236818,1.0000269988069963,nan
200.79814651539346,1.000110468072903,nan
200.79882771818666,0.999795404944935,nan
200.79950872121844,0.9999914780355629,nan
200.80018982401089,0.9997967414752186,nan
200.80087102703692,0.9999954513088272,nan
200.8015521300622,1.0003125175346148,nan
200.80223323285463,0.999911720161713,nan
200.80291433588718,0.9998009470861262,nan
200.8035955389132,0.9997300482399762,nan
200.80427664170566,1.0007079646208035,nan
200.80495764473017,0.9999656964554691,nan
200.8056388477562,0.9997801007805975,nan
200.80631995055592,0.9998070545769939,nan
200.8070010535812,0.9998306950751275,nan
200.80768225660722,0.999977606258023,nan
200.80836335939966,1.0009060511520345,nan
200.8090445624257,1.0000305572642776,nan
200.80972566545097,0.9997928672430445,nan
200.81040666824993,0.9998799383458975,nan
200.8110877712752,1.0002159114672997,nan
200.8117689740684,0.9999382994083778,nan
200.81245007709367,1.0000826348362706,nan
200.81313118012622,1.00032569053237,nan
200.81381238291942,0.999533268688017,nan
200.8144934859447,1.0000777073448492,nan
200.81517468897073,0.9994520678995608,nan
200.8158556917624,1.0001304082700295,nan
200.81653679478768,1.0005008673743667,nan
200.8172178975874,0.9996714564283886,nan
200.81789910061343,0.9999756590046003,nan
200.8185802036387,1.0001067052974546,nan
200.8192614064319,0.9998222809003904,nan
200.81994250945718,1.000094065077285,nan
200.82062361248245,1.0000181257197671,nan
200.8213046152814,1.0000431602004127,nan
200.82198581830744,0.9999262546354923,nan
200.82266692109988,1.000063527997516,nan
200.82334802412515,1.000200346159858,nan
200.8240292271512,0.999735168882006,nan
200.8247103299509,1.0000990723156653,nan
200.82539143297618,0.9999542765778638,nan
200.82607263576938,1.0001506691199717,nan
200.8267536387939,1.000469134118865,nan
200.82743474181916,1.0000392418371495,nan
200.82811594461964,1.0002599911997843,nan
200.8287970476449,1.000414042743854,nan
200.82947815067018,0.9999723794607592,nan
200.83015925346263,0.9997518663371471,nan
200.83084045648866,1.0002210932270483,nan
200.83152155928838,1.000529213496249,nan
200.8322025623129,0.9997675690127252,nan
200.83288376533892,1.0002635833678124,nan
200.83356486813136,1.0001968290457641,nan
200.83424597115663,1.0001657109350244,nan
200.83492717394984,1.0001832771597747,nan
200.83560827698238,1.0002802635684647,nan
200.83628938000766,0.9998377966890281,nan
200.83697058280086,1.000086111092501,nan
200.83765158582537,1.0001514767875763,nan
200.8383326886251,1.0001443381864863,nan
200.83901379165036,0.999826261004901,nan
200.8396949946764,0.9999469047517261,nan
200.84037609746883,1.000364170497369,nan
200.84105730049487,0.9999786480392366,nan
200.8417384032873,0.9994624477428973,nan
200.84241950631986,1.00019608841739,nan
200.84310050934437,0.9996033256907518,nan
200.84378171213757,1.0002583463761008,nan
200.84446281516284,0.9999219231973107,nan
200.84514401795604,0.999897204378968,nan
200.8458251209886,0.9995306724330173,nan
200.84650622378103,1.0000639248339416,nan
200.84718742680707,0.9998314275273521,nan
200.84786852983234,1.0001266657120007,nan
200.84854953262402,0.9997612052113716,nan
200.84923073565005,1.0002418904482329,nan
200.84991183844977,0.9999652182120263,nan
200.85059294147504,0.9998581586207042,nan
200.85127414426825,1.0001555739913004,nan
200.85195524729352,1.0000913797180717,nan
200.8526363503188,1.000198902821987,nan
200.85331755311927,1.0002312988322835,nan
200.85399865614454,1.0002815229276927,nan
200.85467965893622,1.0000417986441799,nan
200.85536086196225,1.0002018809509141,nan
200.85604196498753,0.9997793730075453,nan
200.85672306778724,1.0002774933344798,nan
200.85740417081252,1.0000464028180802,nan
200.85808537360572,1.0001311786195446,nan
200.858766476631,0.9998063323095574,nan
200.85944757942343,0.9999702134353561,nan
200.86012868245598,1.000456918351459,nan
200.86080978524842,1.0001446113060477,nan
200.8614908882737,1.0000405615206585,nan
200.86217209129973,1.0001656200378914,nan
200.86285319409217,0.9999226407401699,nan
200.86353429711744,0.999923750670776,nan
200.86421549991792,1.000076904911248,nan
200.8648966029432,1.0001423013803648,nan
200.86557760573487,0.9999155442993992,nan
200.86625870876014,1.000305961601331,nan
200.86693991178618,1.0001107485275489,nan
200.8676210145859,0.9999074621409034,nan
200.86830211761117,0.9998305415639788,nan
200.86898332040437,0.9999265647529852,nan
200.86966442342964,0.9998763218864204,nan
200.87034562622284,0.9999437898991393,nan
200.87102662925463,0.9999282566627792,nan
200.87170773204707,0.9999920016687597,nan
200.87238883507234,1.0001641842796476,nan
200.87307003786555,0.9998263075261722,nan
200.87375114089082,1.000294438118802,nan
200.87443234391685,1.0004536565808353,nan
200.87511344671657,0.9997399682714745,nan
200.87579454974184,0.9996996684259258,nan
200.87647555253352,1.0001369820052555,nan
200.87715675555955,0.9997646900791479,nan
200.877837858352,0.999978587973983,nan
200.8785190613853,1.0000098525235313,nan
200.87920016417775,0.9999533418178502,nan
200.87988126720302,0.9998818372812279,nan
200.88056246999622,0.999907516898119,nan
200.8812435730215,1.000005864257151,nan
200.88192457582045,0.999630585807498,nan
200.88260577884648,1.00015204834206,nan
200.88328688163892,0.9999587025323207,nan
200.8839679846642,0.9999990512799941,nan
200.88464908768947,0.9996396531574434,nan
200.88533029048267,1.000137237551646,nan
200.88601139351522,0.9997134299196503,nan
200.88669249630766,0.9998506899431586,nan
200.88737359933293,0.9997467158682914,nan
200.88805470212537,0.9997397162037701,nan
200.88873580515065,1.0000522471904307,nan
200.88941700795112,1.0002188713125064,nan
200.8900981109764,0.9999432618938688,nan
200.89077921376884,1.000032398589025,nan
200.8914603167941,1.0001810152883308,nan
200.8921415195873,0.9995209920356252,nan
200.8928225226191,1.0002711568083738,nan
200.89350362541154,0.9997105241662173,nan
200.89418482843757,1.0000153878656763,nan
200.89486593123002,0.9996857956415206,nan
200.8955470342553,1.0004402083558892,nan
200.8962282370485,0.9997914767443005,nan
200.89690934008104,0.9999639600403765,nan
200.89759044287348,1.0000521621279648,nan
200.89827154589875,0.9998026622241132,nan
200.8989526486912,1.000204812850229,nan
200.89963375172374,1.0002082120991778,nan
200.90031495474977,0.9996127960776101,nan
200.90099605754222,1.0001306826167922,nan
200.90167716033466,1.0000477358070705,nan
200.9023583633607,1.00007158792673,nan
200.90303946638596,1.0000339404897334,nan
200.90372046918492,0.9998529577384196,nan
200.90440167197812,0.9999925818423689,nan
200.9050827750034,1.000496058497442,nan
200.90576387779583,0.9997195676962904,nan
200.90644508082187,1.0001843918703268,nan
200.90712618362159,1.0001987463858346,nan
200.90780738664762,0.9998200970923907,nan
200.90848848944006,1.0000383249006504,nan
200.90916949246457,1.0006065607611012,nan
200.909850595257,1.0001240640505458,nan
200.91053179828305,0.9999185207995227,nan
200.91121290108276,1.000307848810165,nan
200.91189400410804,1.0001342564235243,nan
200.91257520690124,0.9998608429801226,nan
200.9132563099265,1.0002700019048334,nan
200.91393741271895,0.9997018419045072,nan
200.9146185157515,1.0001873508186825,nan
200.91529961854394,0.9999449870982986,nan
200.9159807215692,0.9998521065042756,nan
200.91666192436242,1.0001849562853768,nan
200.9173430273877,0.9997629400561835,nan
200.9180241301874,0.9997780293730563,nan
200.91870523321268,1.00024615101858,nan
200.91938643600588,1.0003451740659386,nan
200.9200674390304,1.0000539513421007,nan
200.92074854182283,0.9997227752870951,nan
200.92142974484887,1.000043184539538,nan
200.92211084764858,1.0003882794077015,nan
200.92279195067385,1.0006682561639721,nan
200.92347315346706,1.00005836764934,nan
200.92415425649233,1.0004663591534813,nan
200.92483535928477,1.000316477226596,nan
200.92551646231732,1.0007765236930926,nan
200.92619756510976,1.0001149932539806,nan
200.9268786679022,1.0001677559803739,nan
200.92755977092747,0.9998674948233184,nan
200.92824097372068,1.000234316804151,nan
200.92892207675322,1.0001339760105465,nan
200.92960327954643,1.0001931525044845,nan
200.9302843825717,0.9998830441856331,nan
200.93096548536414,1.0002662206482493,nan
200.93164648838865,1.0003907090142872,nan
200.93232769118913,1.0001619165746596,nan
200.9330087942144,0.9997049130211875,nan
200.9336899970076,1.0000051212437397,nan
200.93437110003288,1.0000419492684471,nan
200.93505220282532,0.9999624988349917,nan
200.93573340561852,1.0001483897310306,nan
200.93641450865107,1.0001215885241626,nan
200.93709551144275,0.9997201872815137,nan
200.93777671446878,1.000178257416916,nan
200.93845781726122,1.0001147031540014,nan
200.9391389202865,0.9999359370750418,nan
200.93982012308697,0.999877454486929,nan
200.94050122611225,0.9999596682647265,nan
200.9411823289047,1.0001222937837526,nan
200.94186353193072,1.0000031646451046,nan
200.9425445347224,1.0000037508786732,nan
200.94322563752212,0.999895320511133,nan
200.9439067405474,0.9997827843228112,nan
200.9445879433406,0.9999298786295009,nan
200.94526904636587,1.0000438669790956,nan
200.9459501491583,1.0001460503557678,nan
200.94663135218434,0.9999687066195272,nan
200.94731245498406,1.0001417466524989,nan
200.94799345777574,0.9997626960606388,nan
200.94867466080177,1.0001613601993333,nan
200.9493557635942,0.9995310636506392,nan
200.95003686661948,0.9997953892044512,nan
200.95071806941996,0.9996990258095619,nan
200.95139917244524,0.9997379316177948,nan
200.95208027523768,0.9996951791353056,nan
200.95276137826295,0.9999507412591838,nan
200.9534424810554,0.9998410979334417,nan
200.9541235838551,0.9999776568877848,nan
200.95480468688038,0.9998072336487602,nan
200.95548588967358,0.9993782609768118,nan
200.95616699269885,0.9997122472508522,nan
200.9568480954913,0.9996871383958994,nan
200.95752929851733,1.0000298603963416,nan
200.95821040131705,1.0000893967093514,nan
200.95889140410873,1.0002182173921907,nan
200.95957260713476,0.9994237303022555,nan
200.9602537099272,0.9999705541658032,nan
200.96093481295975,1.000519336765163,nan
200.96161601575295,1.000319327303396,nan
200.9622971185454,0.9999020641619835,nan
200.96297832157143,1.0003951612148927,nan
200.96365942436387,1.0004065490344947,nan
200.96434042738838,1.0001366703513639,nan
200.9650215301881,1.000247530368709,nan
200.96570273321413,1.0005408169627887,nan
200.96638383600657,1.000052091236043,nan
200.96706503879977,0.9996513389492648,nan
200.96774614182505,1.0000657644485076,nan
200.96842724462476,0.9999472333625541,nan
200.9691084476508,1.000236006879133,nan
200.96978945044248,1.00002750025277,nan
200.97047055323492,1.0002404888956866,nan
200.9711516562602,1.000447117450359,nan
200.9718328590534,0.999860013912415,nan
200.97251396208594,1.0000179583633844,nan
200.97319506487838,0.9998643219641187,nan
200.97387626767159,0.9998538436458407,nan
200.97455737069686,0.9997271615320389,nan
200.9752383734958,0.9999628735746794,nan
200.97591957652185,0.9997395102035159,nan
200.9766006793143,0.9997875016252075,nan
200.97728178210673,1.0001250170489984,nan
200.97796298513276,0.9998911713810549,nan
200.9786440879252,0.9997021429947587,nan
200.97932519095775,0.9999148654012171,nan
200.9800062937502,1.0002613610652158,nan
200.98068739654263,0.9999774186950628,nan
200.9813684995679,1.0000168542313659,nan
200.98204960236035,1.000068551084906,nan
200.98273080539366,0.9997222724819907,nan
200.9834119081861,0.9999521843476182,nan
200.98409301097854,1.000053768832547,nan
200.98477421400457,1.000042184462427,nan
200.98545531679702,0.9998666741385706,nan
200.98613631959597,0.9995837511875407,nan
200.98681742262124,0.99987229253122,nan
200.98749862541445,1.0003170751969706,nan
200.98817972843972,0.9998921368909126,nan
200.98886093123292,1.000588013351909,nan
200.98954203402536,1.0001317634285476,nan
200.9902231370579,1.000007262763693,nan
200.9909043398511,0.9997294467272013,nan
200.9915853426428,1.0001566080171906,nan
200.99226644566806,0.9999328614606825,nan
200.9929475484605,0.9995738090852876,nan
200.99362875149382,1.0001943976259877,nan
200.99430985428626,1.0004728868591812,nan
200.99499105707946,0.9997364047953264,nan
200.99567216010473,0.9999873254171994,nan
200.99635336289793,1.0002948650870613,nan
200.99703426569613,0.9999943426340993,nan
200.99771546872216,0.9998951897202507,nan
200.9983965715146,0.9999108452280734,nan
200.99907777454064,0.9998101757058213,nan
200.99975887733308,1.0005315708266909,nan
201.00043998012552,1.000275016945807,nan
201.00112118315883,1.0002769370515454,nan
201.00180228595127,1.0002249260377694,nan
201.0024833887437,0.9997242360223467,nan
201.00316449176898,0.9998925750955263,nan
201.00384559456143,1.0001528445643488,nan
201.00452669736114,0.9999776064319842,nan
201.00520790038718,1.000205013367894,nan
201.00588900317962,1.0000880086242923,nan
201.00657010597206,0.999701013456343,nan
201.00725120899733,1.000080369067683,nan
201.00793241179053,0.9997528810632865,nan
201.00861341482232,1.000094722129756,nan
201.00929451761476,0.9993761629713009,nan
201.00997572040797,0.9999709739878108,nan
201.01065682343324,1.0004276537060302,nan
201.01133792622568,1.000427886509907,nan
201.0120190290254,0.9998613371224768,nan
201.01270023205143,1.0002700087218406,nan
201.01338133484387,1.0001461780769085,nan
201.01406233763555,0.9999761239621294,nan
201.01474354066158,0.9999855153701624,nan
201.0154246434613,1.0001892832081543,nan
201.01610574625374,1.0000228953536008,nan
201.01678694927978,0.9993747534691675,nan
201.01746805207222,1.000435397995808,nan
201.01814925486542,1.000258898789354,nan
201.0188303578907,1.000175556575792,nan
201.01951136068965,0.9997864244547368,nan
201.0201924634821,1.00024999536449,nan
201.02087366650812,1.0000088238576235,nan
201.02155476930056,1.0001211860322075,nan
201.02223597209377,1.0001209634603785,nan
201.02291707512632,0.9998063255783068,nan
201.02359817791876,0.9996894036729818,nan
201.02427938071196,1.0003649042653862,nan
201.02496038373647,0.9999681674155956,nan
201.0256414865289,1.0000601990128004,nan
201.0263226893294,0.9999368505882327,nan
201.02700379235466,1.000223783944461,nan
201.0276848951471,0.9994066814180066,nan
201.0283660979403,0.9997857819872626,nan
201.02904720096558,0.9998138048720251,nan
201.0297283037653,1.0002066670345846,nan
201.03040930655698,0.9997453021050565,nan
201.031090509583,1.0001949738989602,nan
201.03177161237545,0.9999753493242809,nan
201.03245281516865,0.9999814916389154,nan
201.03313391819393,1.0002591133367895,nan
201.03381502099364,1.0007285945451436,nan
201.03449612378608,1.0001996497891459,nan
201.0351773265793,1.0000841007235282,nan
201.0358583296038,0.9999968374674979,nan
201.03653943240352,1.0002558737708456,nan
201.03722063519672,1.0002332673419656,nan
201.037901738222,1.0003680859042297,nan
201.03858284101443,0.99973554394605,nan
201.03926394380687,0.9999275280816537,nan
201.0399451468329,0.9999824884417128,nan
201.04062624963262,1.0000050539983236,nan
201.0413072524243,0.9999238609386802,nan
201.04198845545034,1.0004555562630808,nan
201.04266955824278,0.9997222538487655,nan
201.04335066103522,1.0003922556987532,nan
201.04403186382842,0.9998929490397855,nan
201.04471296686097,0.999801719692213,nan
201.0453940696534,0.9998810417723192,nan
201.04607527244661,0.9999049768947854,nan
201.04675627547113,0.9997689521736814,nan
201.04743737827084,1.000150816359143,nan
201.04811858106405,1.000072532627504,nan
201.0487996838565,1.0002355264473897,nan
201.04948078688176,0.9999308564390494,nan
201.05016198967496,1.000131403073052,nan
201.0508430924674,0.9996805749841989,nan
201.05152419549995,0.9999167241185594,nan
201.0522052982924,0.9999485094254835,nan
201.05288640108483,1.000274985111418,nan
201.05356750387728,0.9996202066159051,nan
201.0542487069033,0.9998136322881819,nan
201.05492980970303,0.9999403670527434,nan
201.05561091249547,0.9997094609208241,nan
201.0562921155215,1.0001290396929525,nan
201.05697321831394,1.000001544913132,nan
201.05765422110562,1.000035205192723,nan
201.05833542389882,1.0000356865347362,nan
201.05901652693137,0.9997877922351585,nan
201.05969762972381,0.9996379794854395,nan
201.06037883251702,0.9994332665663401,nan
201.0610599355423,0.9997995341979892,nan
201.06174103833473,0.9999457628525363,nan
201.0624222411352,1.000112010373071,nan
201.0631032439269,0.9998381796548942,nan
201.06378434695216,0.9995961963022217,nan
201.06446554974536,0.9997924296694539,nan
201.0651466525378,1.0002012033487193,nan
201.06582775557035,0.9997091790551045,nan
201.0665088583628,0.9999147208088818,nan
201.067190061156,0.999992425448616,nan
201.06787116394844,0.9995793449801333,nan
201.06855216697295,0.999992048429126,nan
201.06923336977343,0.999525019197957,nan
201.06991447256587,0.9999271571927335,nan
201.0705955753583,0.9997563183572717,nan
201.07127677838434,0.999829621420197,nan
201.0719578811768,0.9997684377626105,nan
201.07263898396923,1.000073335390491,nan
201.0733201867697,1.0000349875243386,nan
201.07400118979422,0.9999413973152618,nan
201.07468229258666,1.0000367206270755,nan
201.0753633953791,0.9998067384372339,nan
201.0760445981723,0.9997799137812139,nan
201.07672570120485,0.9997093122433526,nan
201.07740690399805,0.9999329441014361,nan
201.0780880067905,0.9998229056862158,nan
201.07876910958294,0.9995509085580336,nan
201.07945031260897,0.9999518331205786,nan
201.08013131540793,0.9993130198863067,nan
201.08081241820037,1.0001592211579333,nan
201.0814935209928,0.9998144681353832,nan
201.08217472401884,1.00003943237647,nan
201.08285582681128,0.9997564610232514,nan
201.08353702960449,0.9997250561124651,nan
201.0842181324042,0.999802620236066,nan
201.08489923542948,1.0000283025938903,nan
201.08558023822116,0.9997510251198198,nan
201.08626144101436,0.99995230421085,nan
201.0869425438068,0.9998777585665767,nan
201.0876237468401,0.9998449831653877,nan
201.08830484963255,0.999613321002471,nan
201.088985952425,0.99961821947419,nan
201.0896671552182,0.9998243531968775,nan
201.09034825801064,1.0000087948725263,nan
201.09102926104242,0.9998872597212907,nan
201.09171046383562,0.9999910144032024,nan
201.09239156662807,1.0000050916829208,nan
201.0930726694205,0.9996380166467863,nan
201.09375377244578,0.9997631286142639,nan
201.09443497523898,0.9995723221513949,nan
201.0951160780387,0.9997885009869093,nan
201.09579718083114,0.9998141590713603,nan
201.0964782838564,0.9996199233107829,nan
201.09715938664885,0.9995235813111613,nan
201.0978404894413,0.9995560118009635,nan
201.09852169224177,0.9999223080536841,nan
201.09920279503422,0.9999975247620443,nan
201.0998838980595,0.9997897552527911,nan
201.1005651008527,0.9998975399531466,nan
201.10124620364513,0.9997313895988748,nan
201.1019272064441,0.9999330793072846,nan
201.10260830923653,0.999836901517503,nan
201.10328951226256,0.9997476754366114,nan
201.103970615055,1.0003576423768679,nan
201.10465171784745,0.9996766148461077,nan
201.10533292064065,0.9998298765650079,nan
201.1060140236732,0.9997171643116093,nan
201.1066952264664,0.9997916449381605,nan
201.10737622925808,0.9999109700668632,nan
201.10805733205052,0.9996803811891584,nan
201.10873843485024,1.0000601398646816,nan
201.10941963787627,0.9996567955602734,nan
201.1101007406687,1.0000968851737415,nan
201.11078194346192,0.9993707713504884,nan
201.11146304625436,1.0000140515369216,nan
201.1121441490468,1.0000321813993853,nan
201.11282515207859,0.9997510140090307,nan
201.1135063548718,0.9998129832649214,nan
201.11418745766423,0.9998789771270578,nan
201.11486856045667,0.9999799086526303,nan
201.11554976324987,1.000061954343804,nan
201.11623086628242,0.9999213299272561,nan
201.11691206907562,0.99968355883131,nan
201.11759317186807,1.000028532272903,nan
201.11827417465975,0.9998200262323528,nan
201.1189552774522,0.9996315680996232,nan
201.11963648047822,1.0000075990670574,nan
201.12031758327794,1.0001215696877837,nan
201.12099868607038,0.9996653804548343,nan
201.12167988886358,0.9999719293085211,nan
201.12236099165602,0.9999355577834297,nan
201.12304209444846,0.9999773503800772,nan
201.123723197481,0.9997746644680248,nan
201.12440430027345,0.999768383936043,nan
201.1250854030659,1.0000847028818123,nan
201.1257666058591,1.0002477198833826,nan
201.12644770865154,0.9998632441883498,nan
201.1271288116841,1.0004429628277,nan
201.1278100144773,0.999618144613427,nan
201.12849111726973,1.0005186470743008,nan
201.1291721200614,0.9998003499154409,nan
201.12985322285385,1.0002837276718952,nan
201.13053442565433,1.000172575140405,nan
201.1312155286796,1.0000071031044209,nan
201.13189663147205,0.9999171242179362,nan
201.13257783426525,1.0002295877100105,nan
201.1332589370577,0.999758080952336,nan
201.13394003985013,1.000055382223156,nan
201.13462114288268,1.0002001704345023,nan
201.13530224567512,0.9998888305776068,nan
201.13598334846756,0.9999016148503407,nan
201.13666445126,1.0000825629724217,nan
201.1373456540532,0.9998202812018577,nan
201.13802675685292,1.0003342293885114,nan
201.13870795964613,1.0002163413401692,nan
201.1393890626714,0.9996965290964543,nan
201.14007006546308,1.0000670980408122,nan
201.14075116825552,0.9998691734614052,nan
201.141432371056,1.0000186459047884,nan
201.14211347384844,0.9999883541993928,nan
201.14279467664164,1.000129056162401,nan
201.14347577966691,0.9998364255804499,nan
201.14415688245936,0.9996425354292624,nan
201.14483808525256,0.999861952542159,nan
201.14551908805151,1.0001286700615637,nan
201.14620019084396,1.0000624680067391,nan
201.14688139363716,0.9998936727085168,nan
201.14756249666243,0.999875206086861,nan
201.14824359945487,0.9997339784891615,nan
201.14892480225535,1.0000385904524465,nan
201.1496059050478,1.0000805192796458,nan
201.15028700784023,1.0001407643008697,nan
201.15096821063344,1.0002927399518067,nan
201.15164921342512,0.9997861779505824,nan
201.15233031645766,1.0001189737281504,nan
201.15301151925087,1.0002593018382464,nan
201.1536926220433,1.000346648029474,nan
201.15437372483575,0.9997389877659767,nan
201.1550548276282,1.000135587073805,nan
201.1557360304214,0.9998974764752219,nan
201.1564171332211,0.9998941866789286,nan
201.15709813624562,1.0001241188612875,nan
201.15777933903883,1.0003233564722769,nan
201.15846044183127,1.0002014273108544,nan
201.15914154463098,1.0006844678642999,nan
201.1598227474242,1.0001943990044568,nan
201.16050385021663,0.9997965392489084,nan
201.16118495300907,0.9999970602472119,nan
201.16186615580227,1.0000102921623517,nan
201.16254715882678,0.9999844458620053,nan
201.1632282616265,1.000285768095253,nan
201.16390936441894,0.9997636391423614,nan
201.16459056721214,1.0003016108901983,nan
201.16527167000459,0.9999188996053697,nan
201.1659528727978,0.9998381183154353,nan
201.16663397559023,0.9995977552030669,nan
201.16731507838995,1.0000960528965959,nan
201.16799608141446,0.9999973942014142,nan
201.16867728420766,0.9999243505567345,nan
201.1693583870001,1.0000171049273245,nan
201.17003948979982,0.9998531787402104,nan
201.17072069259302,1.0000580630103615,nan
201.17140179538546,1.000190005927071,nan
201.17208299817867,0.9999393929082513,nan
201.1727641009711,1.0001508398628232,nan
201.17344510399562,1.0001341739756784,nan
201.17412620679534,1.0001028196767632,nan
201.17480740958854,0.9999924815506175,nan
201.17548851238098,0.9999153515601678,nan
201.17616971517418,0.9997435122245167,nan
201.17685081796662,0.9999858033467196,nan
201.17753192076634,1.0001273911514803,nan
201.17821312355954,1.000108160581713,nan
201.17889412635122,1.0002503419471223,nan
201.17957522914367,1.0003487130435746,nan
201.1802564321697,1.0006053468301939,nan
201.18093753496214,1.0002937100314788,nan
201.18161863776186,0.99799627647008,nan
201.1822997405543,0.9999780304439423,nan
201.1829809433475,1.0003144124357428,nan
201.18366204613994,1.0000945058097799,nan
201.1843430489389,0.9998357725495334,nan
201.1850242517321,0.9995013874282592,nan
201.18570535452454,0.9998473337035991,nan
201.18638645731698,1.0005561651476025,nan
201.18706766034302,1.000038093728289,nan
201.18774876313546,1.0001803937505451,nan
201.18842986593518,1.0000226957048546,nan
201.18911096872762,0.9999135103050555,nan
201.18979207152006,0.9997389978635561,nan
201.1904731743125,0.9997423110430066,nan
201.19115427710494,1.0002555933212611,nan
201.19183547990542,0.999840983668408,nan
201.19251658269786,0.9999183242267751,nan
201.1931976854903,0.9999417052883911,nan
201.1938788882835,1.000241817948674,nan
201.19455999130878,1.000095174361733,nan
201.19524099410773,0.9994572140938343,nan
201.19592219690094,0.9997863494007966,nan
201.19660329969338,1.0002025784450976,nan
201.19728440248582,1.0000945103671242,nan
201.19796560527902,1.0000187280378485,nan
201.19864670807146,0.9996727845193757,nan
201.19932781087118,1.0002452119403218,nan
201.20000901366438,0.9996674082938348,nan
201.20069001645606,0.9998760890516724,nan
201.2013711192485,0.9999680564255637,nan
201.2020523220417,0.9998787407474501,nan
201.20273342484143,1.0005916908394024,nan
201.2034145278667,0.9999939334908159,nan
201.2040957306599,0.9995467965438835,nan
201.20477683345234,1.0002463906999923,nan
201.20545803624555,0.9999668260829369,nan
201.2061390390445,0.9997593659708491,nan
201.20682014183694,1.0006244847742438,nan
201.20750124462938,1.0000451611485122,nan
201.2081824474226,0.9999235828971526,nan
201.20886355021503,1.000037345579622,nan
201.20954465300747,0.9997459699330307,nan
201.21022585580795,0.9999428442090921,nan
201.2109069586004,0.9999431784946982,nan
201.21158796139207,1.000041143729009,nan
201.21226916418527,0.9998455180085698,nan
201.2129502669777,0.999479286439178,nan
201.21363136977743,1.0000135474869025,nan
201.21431247256987,0.9998914842067161,nan
201.2149936755959,0.999910036015383,nan
201.21567477838835,1.0000691998403812,nan
201.2163558811808,1.0002687651865558,nan
201.2170369839805,0.9997249717435844,nan
201.21771808677295,1.0001250693082124,nan
201.2183991895654,0.9998317575296237,nan
201.2190803923586,0.999941633475519,nan
201.21976149515103,1.000387878839158,nan
201.22044259794347,1.0000905850793256,nan
201.22112380074395,0.9998619074670729,nan
201.2218049035364,0.9999887252731893,nan
201.22248600632884,1.0002080740531298,nan
201.22316700912052,1.0001819523654878,nan
201.22384821191372,1.0005559815035405,nan
201.22452931471344,1.0001018499922285,nan
201.22521041750588,1.0001597850129567,nan
201.22589162029908,1.0001297854947104,nan
201.22657272309152,1.0005764483446866,nan
201.22725392588472,0.9999371186669008,nan
201.22793502867717,0.9998859784767744,nan
201.22861603147612,1.0001461816399264,nan
201.22929713426856,0.9998085831706065,nan
201.22997833706177,1.000183163076316,nan
201.2306594398542,0.9997969959207847,nan
201.23134064288024,1.0001943150366972,nan
201.23202174567996,1.0001916375517088,nan
201.2327028484724,1.0001630260061312,nan
201.2333840512656,0.9997262132078483,nan
201.23406505405728,1.0001451904931293,nan
201.23474615684972,0.9998778033248187,nan
201.2354273596502,0.9998460799950158,nan
201.23610846244264,0.9999387857712615,nan
201.23678956523509,1.0001427897130444,nan
201.2374707680283,1.0001553187923633,nan
201.23815187082073,1.0001125488129547,nan
201.23883297362045,0.9999264366756325,nan
201.2395140764129,0.9998301865073984,nan
201.24019517920533,1.0000054410404684,nan
201.24087628199777,0.9998277893815999,nan
201.2415573847902,0.9995510234526997,nan
201.24223858758342,1.000033492136595,nan
201.24291969038313,1.0000130587524676,nan
201.24360079317557,0.9999981055873745,nan
201.24428199596878,0.9997868332539406,nan
201.24496299876046,0.9997026217447916,nan
201.24564410156017,1.0002642434763673,nan
201.24632530435338,1.0002805373462933,nan
201.24700640714582,0.9999841778830325,nan
201.24768750993826,0.9995479195748764,nan
201.24836871273146,1.0003428061742234,nan
201.2490498155239,0.9999547244849857,nan
201.24973091832362,1.0002383999398783,nan
201.2504119211153,1.000123787815648,nan
201.2510931239085,0.99953547538285,nan
201.25177422670095,0.9998881456225812,nan
201.2524553294934,1.000122652247755,nan
201.25313653229387,0.9997333702859496,nan
201.2538176350863,1.0004251386782417,nan
201.25449873787875,1.000008570405988,nan
201.25517994067195,1.0006867954807148,nan
201.25586094346363,0.9997734681894401,nan
201.25654204626335,1.000102817275582,nan
201.25722324905655,1.000319868042643,nan
201.257904351849,0.9999972971855993,nan
201.25858545464143,0.9999666112187798,nan
201.25926665743464,1.0001170525220753,nan
201.25994776022708,1.0003473811019479,nan
201.26062896302756,0.999966283686553,nan
201.26130996581924,1.0001543432113176,nan
201.26199106861168,0.9999989165566078,nan
201.26267217140412,0.9999355193999963,nan
201.26335337419732,0.9999875416423738,nan
201.26403447699704,0.9999601398293712,nan
201.26471567979024,0.9999349815381203,nan
201.26539678258268,0.9999061003265551,nan
201.26607788537513,0.9999609928095332,nan
201.2667588881668,0.9998524037398148,nan
201.26744009096,1.0001502240245561,nan
201.26812119375973,0.999793893573051,nan
201.26880229655217,0.9994989007284557,nan
201.26948349934537,0.9999512353805605,nan
201.2701646021378,0.9998838141535248,nan
201.27084570493025,1.0002916665206742,nan
201.27152690773073,1.0002888691234164,nan
201.2722079105224,0.9999504513212719,nan
201.27288901331485,1.0000693629115982,nan
201.27357021587522,1.0001548840161731,nan
201.27425131866767,1.0001226987106089,nan
201.27493242146738,0.9999820436189264,nan
201.2756136242606,1.0002947107400304,nan
201.27629472705303,0.999860460057588,nan
201.27697582984547,1.0004451129785799,nan
201.27765683263715,1.000300951707542,nan
201.27833803543763,1.0000908674837985,nan
201.27901913823007,0.9997725004775826,nan
201.2797002410225,1.000341196956293,nan
201.2803814438157,1.0003626322626182,nan
201.28106254660815,1.0002633767472286,nan
201.2817436494006,0.9999653186325304,nan
201.28242485220107,1.000394942034248,nan
201.28310585499275,1.0000849355676444,nan
201.2837869577852,1.0004624480376316,nan
201.2844681605784,1.0001042708317665,nan
201.28514926337084,1.0001481456890333,nan
201.28583036617056,1.0002334884059088,nan
201.28651156896376,1.000168948358899,nan
201.2871926717562,0.9997762781017168,nan
201.28787377454864,0.9998239130978305,nan
201.2885547771075,1.0000310582996108,nan
201.28923597990797,0.9996665806794557,nan
201.2899170827004,1.000091123631686,nan
201.29059828549362,0.9996184964550788,nan
201.29127938828606,0.9999696819754207,nan
201.2919604910785,0.9998942816963835,nan
201.2926416938717,0.999607833657296,nan
201.29332279667142,1.0001081647268717,nan
201.2940037994631,1.0002859260611476,nan
201.29468490225554,0.9997892986119373,nan
201.29536610504874,1.000344971630556,nan
201.29604720784118,0.9998107253507541,nan
201.29672841064166,1.0004641559882246,nan
201.2974095134341,0.9998721080748691,nan
201.29809061622655,0.9999987192653155,nan
201.29877181901975,1.0000732989444157,nan
201.2994529218122,1.0002307838462072,nan
201.30013392437831,1.0001101858154164,nan
201.30081512717152,1.0000939478018618,nan
201.30149622996396,1.0001594428142,nan
201.3021773327564,0.9999234469498552,nan
201.3028585355496,1.0001032924683613,nan
201.30353963834204,1.0001334372941597,nan
201.30422074114176,1.0002678930466002,nan
201.3049018439342,1.0002092861259968,nan
201.30558294672664,1.0004576156944052,nan
201.3062640495191,0.9999229506085946,nan
201.3069451523188,1.0002766556707863,nan
201.307626355112,0.999494505954204,nan
201.30830745790445,0.9999930279004408,nan
201.30898856046406,1.0000411261621753,nan
201.3096696632565,0.999700731111851,nan
201.3103508660497,0.9999196431348113,nan
201.31103186884866,1.0001219650103672,nan
201.31171307164186,1.0000938681734595,nan
201.3123941744343,1.0000920566647056,nan
201.31307527722674,0.9998972283121805,nan
201.31375638001919,1.0003132308824314,nan
201.31443758281966,1.0000714643825617,nan
201.3151186856121,1.000080817090801,nan
201.3157998884053,0.9998812091849916,nan
201.316480891197,1.0001296538649558,nan
201.3171619937566,1.0003705122408042,nan
201.31784309655632,0.9999642061840621,nan
201.31852429934952,1.000284126229563,nan
201.31920540214196,1.0002096927929869,nan
201.31988660493516,1.0001462606277003,nan
201.3205677077276,0.999748894781422,nan
201.32124881052005,1.000033785617222,nan
201.321929813319,1.0001206739905661,nan
201.3226110161122,1.0002006652298723,nan
201.32329211867182,0.9997974209030205,nan
201.32397332146502,1.0000917098940234,nan
201.32465442425746,1.0000809428760689,nan
201.32533552705718,1.0001785875766067,nan
201.32601672985038,1.0005776588692852,nan
201.32669783264282,0.9999653361984708,nan
201.3273788354345,0.9999316479515452,nan
201.3280600382277,1.0001416136717938,nan
201.32874114102742,1.000281478630142,nan
201.32942224381986,0.9998484407242106,nan
201.33010344638024,1.0000968589645032,nan
201.33078454917268,1.0004994969534802,nan
201.33146565196512,1.0001160262947038,nan
201.33214675475756,0.9998854061238488,nan
201.33282785755728,1.0001312849857409,nan
201.33350896034972,1.000223024401645,nan
201.33419006314216,1.0000921156874796,nan
201.33487126593536,0.9998705806250789,nan
201.33555236849497,1.0003480774536806,nan
201.3362334712947,1.000108470049151,nan
201.33691457408713,1.000053392335427,nan
201.33759577688033,0.9999873153686376,nan
201.33827677967201,1.0002444405567725,nan
201.33895798246522,1.0000651227032442,nan
201.33963908526493,0.9998735552570321,nan
201.34032018805738,1.0000814774026066,nan
201.34100129084982,1.0000260621820092,nan
201.3416824934102,1.0001836285914165,nan
201.34236359620263,1.0005195487022653,nan
201.34304469899507,0.9997725001199735,nan
201.3437258017948,1.0005105611865934,nan
201.34440690458723,1.000024361428559,nan
201.34508800737967,1.0000866519051839,nan
201.34576921017288,1.0000530525471785,nan
201.3464503127325,0.9997440354101499,nan
201.3471314155322,0.9999091512496218,nan
201.3478126183254,1.0002609871404602,nan
201.34849372111785,0.999895652071886,nan
201.34917472390953,0.9998071767964741,nan
201.34985592670273,1.0004777417869062,nan
201.35053702950245,1.0003291279299733,nan
201.35121813206206,1.0003432689499745,nan
201.35189933485526,1.0001416146180995,nan
201.3525804376477,1.0000046259319697,nan
201.35326154044014,0.9997720046454324,nan
201.35394274323335,0.9998500530522443,nan
201.3546237460323,0.9997210676822477,nan
201.35530484882474,0.9997708717042422,nan
201.35598605138512,1.0005022719076637,nan
201.35666715417756,0.9998389512463749,nan
201.35734825697,1.0000045462930847,nan
201.35802945977048,0.9996229441811807,nan
201.35871056256292,1.0000139469567437,nan
201.35939166535536,0.9999082928105167,nan
201.3600727681478,1.0002709209098999,nan
201.3607538707074,0.9996765276110493,nan
201.36143497350713,1.0001822819145556,nan
201.36211617630033,1.0003519081063192,nan
201.36279727909277,0.9995675490625887,nan
201.36347838188522,1.00018692152398,nan
201.36415948467766,0.9999225954476277,nan
201.36484068723803,1.0003739078849188,nan
201.36552169003699,1.0000702863632507,nan
201.36620279282943,0.999745603561363,nan
201.36688399562263,0.9998975276811654,nan
201.36756509841507,0.9999421134678833,nan
201.3682462012148,0.9998620454655532,nan
201.36892740377516,1.0003397513295573,nan
201.3696085065676,1.0003042796360133,nan
201.37028960936004,1.0001102148923273,nan
201.37097081215325,1.000233022316907,nan
201.37165181494493,1.0001784300285748,nan
201.3723329175118,1.0001678317686662,nan
201.37301402030425,1.0000353160621236,nan
201.37369522309746,1.0000395014322399,nan
201.3743763258899,1.000274329639806,nan
201.3750575286831,1.0004104154336035,nan
201.37573863148282,1.00011410091645,nan
201.37641973404243,1.0002914588136531,nan
201.3771007368341,0.999904013371016,nan
201.3777819396273,1.000113499651055,nan
201.37846304241975,1.0003031839742529,nan
201.37914424521296,1.0001976835787372,nan
201.37982534801267,0.9997330682060107,nan
201.38050645057228,0.9997616458540303,nan
201.3811876533655,0.9998573824922651,nan
201.38186875615793,0.999878982878138,nan
201.38254975895688,1.0003555868212726,nan
201.38323086174933,1.0004025295263035,nan
201.3839120643097,1.0001837222184582,nan
201.38459316710214,0.999611191315767,nan
201.38527436989534,0.9998320578196166,nan
201.38595547268778,0.9994323723030759,nan
201.3866365754875,1.000069168963203,nan
201.38731777804787,0.9995272198762226,nan
201.38799878083955,0.9999651067587564,nan
201.388679883632,1.0000173234932679,nan
201.3893610864252,0.9998446625475074,nan
201.39004218921764,0.9999345232095851,nan
201.39072329178452,0.9997387143617701,nan
201.39140439457697,1.0000959811749284,nan
201.39208559737017,1.0002268757055548,nan
201.3927667001626,1.0000812388988631,nan
201.39344770296157,1.0003610586188842,nan
201.39412890552194,0.9999421368302991,nan
201.39481000831438,0.9999424645358904,nan
201.39549111110682,0.9999831915864786,nan
201.39617231390002,0.9998200404047572,nan
201.39685341669247,0.9997795806103471,nan
201.39753451925935,1.0001580985341427,nan
201.39821572205256,1.00003588577599,nan
201.39889672484423,0.9998708878760546,nan
201.39957782763668,0.9999790932238554,nan
201.40025893042912,0.9999676801145628,nan
201.40094013299677,1.0000574195384861,nan
201.4016212357892,0.9997117160640995,nan
201.40230233858165,1.0000825043122787,nan
201.40298354137485,1.0003464156957775,nan
201.40366464393446,1.0000438710747437,nan
201.40434564673342,1.0000561124445675,nan
201.40502684952662,1.0003195098077107,nan
201.40570795231906,1.000031734029454,nan
201.4063890551115,1.000111501197411,nan
201.40707025767188,0.999611695390022,nan
201.40775136046432,0.9999232888455934,nan
201.4084325632648,0.9999986851459817,nan
201.40911366605724,1.0001891744208553,nan
201.4097946686161,0.9996222358815784,nan
201.41047577140853,0.999990953407977,nan
201.41115697420173,0.9999077142998253,nan
201.41183807700145,1.0003753289099715,nan
201.41251927979465,0.9999087571195346,nan
201.41320038235426,0.9999352441428218,nan
201.4138814851467,1.0001393285233537,nan
201.4145626879399,1.000208429405816,nan
201.41524369073886,1.0002539278298912,nan
201.41592479329847,1.0003128648575512,nan
201.4166058960909,1.0000811646242875,nan
201.41728709888412,0.9999563627331922,nan
201.41796820167656,0.9996407958433428,nan
201.41864930423617,0.9998970969626769,nan
201.41933050703665,1.0000028443286757,nan
201.4200116098291,0.9997533836018948,nan
201.42069261262077,0.9996383874215086,nan
201.42137381518114,1.0000789430150097,nan
201.42205491797358,0.9995610533871907,nan
201.4227360207733,0.9997000493541685,nan
201.4234172235665,0.9998217075818465,nan
201.4240983261261,1.0000054176582625,nan
201.42477942891855,0.9998431805881085,nan
201.42546063171176,1.0000769209504685,nan
201.4261416345107,1.0000262948390974,nan
201.42682273707032,0.9997400267383345,nan
201.42750383986277,0.9999262786406286,nan
201.42818504265597,1.0000906421463385,nan
201.4288661454484,1.0002039879888533,nan
201.4295472480153,1.0000643404646659,nan
201.4302284508085,1.0003313090074413,nan
201.43090955360094,0.9996667561765534,nan
201.43159055639262,1.0006927936751382,nan
201.432271758953,1.0001281963385835,nan
201.43295286174543,0.9996857950287634,nan
201.43363396454515,0.9998554698556059,nan
201.4343150673376,0.9999325926866383,nan
201.43499626989797,1.0001458982498654,nan
201.4356773726904,1.000184631590554,nan
201.4363585754836,0.9997605232508551,nan
201.43703957828257,0.9999719890372107,nan
201.43772068084218,0.9998611085835406,nan
201.43840178363462,0.9997862737505684,nan
201.43908298642782,1.000006801121145,nan
201.43976408898743,1.0000982066096658,nan
201.44044529178063,1.0000216698692583,nan
201.44112639458035,1.0000708280950366,nan
201.4418074973728,0.9999441448566875,nan
201.44248869993316,0.9998089135958043,nan
201.44316970272484,1.000112490176484,nan
201.4438508055173,0.9999598719988502,nan
201.44453200831776,1.0001925896371981,nan
201.44521311087738,1.00005617119779,nan
201.44589421366982,1.0000544038634387,nan
201.44657541646302,0.9997409032664594,nan
201.44725651902263,0.9999818359486083,nan
201.44793762182235,0.9995930827897285,nan
201.4486187246148,1.0004809433653539,nan
201.44929982740723,1.0001361411751613,nan
201.44998092996684,0.9997045191044366,nan
201.45066213276004,1.0004594604053223,nan
201.45134323555249,1.0003558191619428,nan
201.45202433811937,1.0000267354350534,nan
201.45270554091258,1.000265327452126,nan
201.45338664370502,0.999812809952744,nan
201.4540676464967,0.9998639470902948,nan
201.45474874906358,1.0001068000314777,nan
201.4554299518568,1.0001512131920407,nan
201.45611105464923,1.0001825777583442,nan
201.45679215720884,0.9998510848095944,nan
201.45747336000204,0.9998559396713284,nan
201.45815446279448,1.000301095969927,nan
201.45883556536137,0.9999151506493339,nan
201.4595166681538,1.0000105633175809,nan
201.46019777094625,0.9997335772764017,nan
201.4608788737387,0.9999248168055113,nan
201.4615599762983,0.9998855382822593,nan
201.46224117909878,1.00002187876969,nan
201.46292228189122,1.0002598648956573,nan
201.4636034844516,0.9998677267536759,nan
201.46428458724404,1.0002679320447836,nan
201.46496559003572,1.0000367099205245,nan
201.4656466926026,0.999929551149934,nan
201.4663278953958,1.000088969472646,nan
201.46700899818825,1.0002770491621227,nan
201.46769020074862,1.0001844619161055,nan
201.46837130354106,0.9999847685820463,nan
201.4690524063335,1.000069803116588,nan
201.46973360913398,0.999996528177024,nan
201.47041461169283,1.0000863632735635,nan
201.47109571448527,0.9998102366748091,nan
201.4717768172777,0.9997786357179357,nan
201.4724580198381,1.0002528575013157,nan
201.4731391226378,0.9996398257398276,nan
201.473820325431,1.0000835050751664,nan
201.47450142799062,0.9996201190044424,nan
201.47518253078306,0.9999172522548254,nan
201.47586353357474,0.9999863168857887,nan
201.4765447361424,0.9996244037187182,nan
201.47722583893483,0.9998543253762396,nan
201.47790704172803,0.999835719992402,nan
201.47858814428764,0.9994712015072666,nan
201.47926924708008,0.9993761315364372,nan
201.47995034987252,1.0001900996741924,nan
201.48063155244017,0.9997175893980972,nan
201.48131255523185,1.0000087765764447,nan
201.4819936580243,1.0002636572389385,nan
201.48267486058467,0.9998565393051289,nan
201.4833559633771,0.999874184208237,nan
201.48403706617682,0.9996630531366946,nan
201.4847182687372,0.9999771521020508,nan
201.48539937152964,1.0002719479679605,nan
201.48608047432208,1.0001717698807253,nan
201.4867615768817,1.0002408825770275,nan
201.4874426796814,0.999647500608493,nan
201.48812378247385,0.9997636826143548,nan
201.48880488503346,0.9999443645113884,nan
201.48948608782666,0.9997340789458304,nan
201.4901671906191,1.000166958608706,nan
201.490848293186,1.0000143926089584,nan
201.4915294959792,1.0004358269641103,nan
201.49221049877087,0.9999235345580625,nan
201.49289160133048,0.9997511005369517,nan
201.4935728041237,0.9999024254684722,nan
201.49425390691613,0.9998789751408546,nan
201.49493500948302,1.000464307186668,nan
201.49561621227622,0.9997806997464578,nan
201.49629731506866,0.9998860957585453,nan
201.49697841762827,1.000317228395935,nan
201.49765942041995,1.000192436351799,nan
201.4983406229876,0.9999269636895985,nan
201.49902172578004,0.9997416831377148,nan
201.49970292857324,0.9998491687877611,nan
201.50038403113285,0.9999261209588016,nan
201.5010651339253,1.0001598738680504,nan
201.5017463367185,1.0002007099351304,nan
201.50242743928538,1.0000594099379518,nan
201.50310844207706,0.9997103466708845,nan
201.50378964487027,0.9995049670958858,nan
201.50447074742988,0.9997334780775581,nan
201.50515185022232,0.9999709125862137,nan
201.5058330530228,1.0001509053673792,nan
201.5065141555824,0.9998002751065244,nan
201.50719525837485,0.9993640145222128,nan
201.50787646093522,1.0003191515070704,nan
201.5085574637269,0.9999504153528807,nan
201.50923856652662,0.9998881015447477,nan
201.509919769087,1.0001583522245794,nan
201.51060087187943,0.9996523034322334,nan
201.51128197467187,1.000173884321002,nan
201.51196317723225,1.000242444429558,nan
201.5126442800247,0.9999645307841691,nan
201.51332538259157,1.000166529828151,nan
201.51400648538402,1.000277002569485,nan
201.51468758817646,0.999559093306001,nan
201.51536869073607,1.0001820969685427,nan
201.51604979353579,1.000094375837848,nan
201.516730996329,0.999890834928922,nan
201.5174120988886,0.9999066962350517,nan
201.51809320168104,1.0001698192622062,nan
201.5187744042414,1.0001713620523813,nan
201.51945550703385,1.0002179972956557,nan
201.5201365098328,1.000174991194469,nan
201.52081761239242,0.9998290708811757,nan
201.52149881518562,1.0002252897554975,nan
201.52217991774523,0.9999096599833792,nan
201.52286102053768,0.9995429082675032,nan
201.52354222333815,0.9998657092102676,nan
201.52422332589776,0.9997732240446953,nan
201.52490452869097,0.9996572190915542,nan
201.52558553124982,1.000072950809699,nan
201.52626663404226,0.9994656164972476,nan
201.52694773684198,1.0001150411696993,nan
201.52762893940235,0.9999952398131058,nan
201.5283100421948,1.0000020647584786,nan
201.52899124475516,1.0003401584153824,nan
201.5296723475476,0.9999973646687014,nan
201.53035345034004,1.000087682080981,nan
201.53103445290617,1.0004082978574016,nan
201.53171565569937,1.00010368508646,nan
201.53239675825898,0.9997596102335496,nan
201.5330779610522,1.0003828071646903,nan
201.53375906384463,0.9999980143333238,nan
201.5344401664115,0.9995416394243505,nan
201.53512136920472,1.0000719311250321,nan
201.53580247176433,0.9998003686450176,nan
201.536483474556,1.000214639745183,nan
201.5371646773492,0.9996335617445377,nan
201.5378457799161,1.0001250675895208,nan
201.53852688270854,0.9998255736355183,nan
201.5392080852689,0.9998538303004874,nan
201.53988918806135,1.0000907606364127,nan
201.5405702908538,0.9999936432459675,nan
201.5412513934134,0.9998268877838293,nan
201.54193249621312,0.9998250673344461,nan
201.54261359877273,0.9998420526542847,nan
201.54329470156517,0.9996949414902822,nan
201.54397590412555,1.0001099916055285,nan
201.544657006918,0.9999358681900348,nan
201.5453381097177,0.9999613033409698,nan
201.54601931227808,0.9999306305156064,nan
201.54670041507052,1.0001751210727077,nan
201.54738141762937,1.0003941539642165,nan
201.5480625204218,0.999991672520044,nan
201.54874372298946,1.0002613714472786,nan
201.5494248257819,1.0001592959821624,nan
201.55010592857434,1.0003410357049516,nan
201.5507871311347,1.0003252852779618,nan
201.55146823392715,1.000236064476049,nan
201.55214943648753,0.9999923488739815,nan
201.55283043928648,1.0001076166544032,nan
201.5535115418461,1.0001113026477682,nan
201.55419264463853,1.0001592417274818,nan
201.55487384743174,0.9997220345179588,nan
201.55555494999135,0.9999956138148152,nan
201.55623605279106,0.9998354847918274,nan
201.55691725535144,0.9998525723392718,nan
201.55759835814388,1.0001224280320038,nan
201.55827936070273,0.9998616645750186,nan
201.55896056349593,0.9999312528246345,nan
201.55964166606282,0.99993660897254,nan
201.56032276885526,1.0000929638317246,nan
201.56100397164846,0.9996448350337441,nan
201.56168507420807,0.9995593475265653,nan
201.56236627700127,0.9999998629896139,nan
201.56304737956089,0.9997099129398638,nan
201.56372838235984,1.0002314256138782,nan
201.56440948491945,0.9995169953810358,nan
201.56509068771265,0.9996120288811161,nan
201.56577179027227,0.9998128210294372,nan
201.56645299306547,1.0000301575369281,nan
201.56713409586519,1.000435212149318,nan
201.5678151984248,0.9998615615634052,nan
201.56849630121724,1.0000940560789169,nan
201.56917740377685,1.000081651315785,nan
201.5698585065693,1.0000333845792515,nan
201.57053960913618,1.0001235968574125,nan
201.57122081192938,1.0000145614910108,nan
201.571901914489,0.999922584131173,nan
201.57258301728143,0.9998845720217336,nan
201.5732642198418,1.000137924626423,nan
201.57394532263424,1.0002319036273661,nan
201.57462632520037,0.9998373162396195,nan
201.5753074279928,0.9998480584754256,nan
201.57598863078601,0.999948176271279,nan
201.57666973334562,0.9999276287617457,nan
201.57735083614534,0.9994032335796915,nan
201.57803203870571,1.000339471202268,nan
201.57871314149816,0.999719809108195,nan
201.57939424405777,1.0000748224611795,nan
201.5800753468502,1.0001034548961298,nan
201.58075644940982,0.999914824627162,nan
201.58143755220954,1.0000381427528062,nan
201.5821187547699,1.0002685610374813,nan
201.58279985756235,1.0002097923300772,nan
201.58348096012196,1.0004215271879542,nan
201.58416216291516,0.9998934929881249,nan
201.58484326548205,0.9993482362341656,nan
201.5855243682745,0.9996263128739107,nan
201.58620537083334,1.0002046616069615,nan
201.58688657362654,0.9999104777158996,nan
201.58756767618615,1.0003144593990967,nan
201.58824887897936,0.9999776510875616,nan
201.58892998154624,1.0001428128594747,nan
201.58961108433869,1.00010568915397,nan
201.59029228689906,0.9998536651180358,nan
201.5909733896915,0.999759122924958,nan
201.59165439249045,0.9998501087808934,nan
201.59233559505083,0.9998784348426824,nan
201.59301669761044,0.9995780060149475,nan
201.59369780040288,0.9999219289275886,nan
201.59437900319608,0.9996984956013136,nan
201.5950601057557,0.9994153603757594,nan
201.5957412085554,0.9999447996878494,nan
201.59642241111578,0.9998685168404957,nan
201.59710341390746,0.999954856188315,nan
201.59778451646707,1.0001342532356479,nan
201.59846571926028,0.9999920733323981,nan
201.59914682182716,0.9997861266212391,nan
201.5998279246196,1.0001168678380326,nan
201.60050912717998,0.9997072955125736,nan
201.60119022997242,0.9994977498663206,nan
201.60187133253203,1.0000561214877168,nan
201.60255233533098,0.999987164934103,nan
201.60323353789136,0.9997254299792913,nan
201.60391464045097,0.9998579255369311,nan
201.6045957432434,1.000214470258423,nan
201.60527694580378,0.9999339974405046,nan
201.60595804859622,1.0001605983967068,nan
201.6066391511631,0.9999783057377062,nan
201.6073203539563,0.9996288740565293,nan
201.60800135651516,1.0002143782215962,nan
201.6086824593076,0.9999587307454564,nan
201.60936366186797,0.9998286959399264,nan
201.6100447646677,0.9998679133870685,nan
201.6107258672273,1.0000012577994024,nan
201.61140697001974,0.9999460499525742,nan
201.61208817258012,0.9998412866517178,nan
201.61276927537256,0.999604230521388,nan
201.61345027793868,1.0001437497396202,nan
201.61413148073188,0.9996618471668336,nan
201.6148125832915,0.9998133075123863,nan
201.61549368608394,1.0000771751865463,nan
201.6161748886443,0.9999052596333818,nan
201.61685599143675,0.9999865738132684,nan
201.6175371940044,0.9999428040396203,nan
201.61821829679684,1.000236044790039,nan
201.6188992993557,1.0001925256727773,nan
201.61958040214813,1.0002772226382204,nan
201.6202616047085,1.0000196060703204,nan
201.62094270750822,1.0001366784084176,nan
201.6216239100686,1.0000524421117676,nan
201.6223050126282,0.9997302592648689,nan
201.62298611542064,1.0001921720820577,nan
201.62366731798102,1.0002674163398864,nan
201.62434832077997,0.999932501166141,nan
201.62502942333958,1.0000939390557937,nan
201.6257106261328,1.000275414353077,nan
201.6263917286924,0.999773905446451,nan
201.62707283148484,1.0000782939533692,nan
201.6277540340452,0.999774458458994,nan
201.62843513684493,1.0003960674688808,nan
201.62911623940454,1.0000932723906901,nan
201.6297972419634,1.0000076754408038,nan
201.6304784447566,1.0006603098046862,nan
201.6311595473162,1.0002768859025326,nan
201.63184065011592,0.9999909885174975,nan
201.6325218526763,1.0000494141104577,nan
201.63320295546873,1.0000158976320166,nan
201.63388405802834,1.0000815500749136,nan
201.63456516082078,1.0002529197147432,nan
201.63524626338767,0.9996336703202457,nan
201.6359273661801,0.9995981936908868,nan
201.63660856874048,1.000201621129087,nan
201.6372896713001,1.000180719946748,nan
201.63797077409254,1.0000014587246309,nan
201.63865187665942,1.0004028720576954,nan
201.63933307945263,0.9995604553324103,nan
201.64001418201224,1.0000704694150075,nan
201.64069518480392,1.000431125155521,nan
201.6413763873643,0.9998018445901502,nan
201.6420574899239,0.9998958416863838,nan
201.64273859272362,1.0001867840263983,nan
201.643419795284,0.9999262339152821,nan
201.64410089807643,1.0003992264526822,nan
201.64478200063604,1.0004204487058093,nan
201.64546320342924,1.0001065958860242,nan
201.64614420599537,1.000178211011467,nan
201.6468253087878,1.000025295993567,nan
201.64750651134818,1.000013095635759,nan
201.6481876139078,1.0000223003027928,nan
201.64886871670024,1.0000005223669806,nan
201.6495499192606,1.000263456864295,nan
201.65023102206032,0.999986642160157,nan
201.6509122246207,0.9998848058767035,nan
201.65159322717955,1.0003243485861055,nan
201.652274329972,1.0001720021755436,nan
201.65295543253887,0.9999126165457018,nan
201.65363663533208,1.0002526916070542,nan
201.6543177378917,0.9998449119298666,nan
201.65499884068413,1.0001126793140256,nan
201.6556800432445,0.9999049591142395,nan
201.6563611458041,1.0001615818947993,nan
201.65704224860383,1.0001116866740922,nan
201.65772335116344,0.9997927755465911,nan
201.65840445395588,0.9999703518449325,nan
201.6590855565155,0.9996422893583587,nan
201.6597667593087,0.9999621483399181,nan
201.66044786187558,1.000180899485884,nan
201.6611289644352,0.9998087007163157,nan
201.66181006722763,1.0000778752883015,nan
201.662491269788,0.999496029073924,nan
201.6631722725797,0.999885850474739,nan
201.66385347514006,0.9997782508094986,nan
201.66453457770695,1.0000542861997992,nan
201.6652156804994,0.9999390415311472,nan
201.665896783059,0.9999873423991349,nan
201.6665779858522,0.9998019430913759,nan
201.6672590884118,1.0000908881764714,nan
201.6679401909787,1.0000449254344523,nan
201.66862129377114,0.9996427405988779,nan
201.66930239633075,1.0002678644462824,nan
201.6699834991232,1.0000166773840669,nan
201.6706646016828,0.9999009442067395,nan
201.67134580425045,0.9998393091892595,nan
201.6720269070429,0.9997886637257217,nan
201.67270810960326,1.000204158226535,nan
201.6733892123957,0.9999681019121057,nan
201.67407021495455,1.0001608946882938,nan
201.67475131752144,1.0001144346501722,nan
201.67543252031464,0.9999420492524872,nan
201.67611362287425,0.9999371538349824,nan
201.67679482543463,0.9998787113010511,nan
201.67747592822707,0.9997890303107384,nan
201.67815703078668,1.0002095283524879,nan
201.67883823358716,1.0000900872883565,nan
201.679519236146,0.9998451665772272,nan
201.68020033870562,0.9998392102783117,nan
201.68088154149882,1.0000916188716684,nan
201.68156264405843,1.0002134132112757,nan
201.68224374685815,1.0000129502834953,nan
201.68292494941852,0.9998502128715451,nan
201.68360605197813,0.9998566061738081,nan
201.68428715477057,0.9998444381922443,nan
201.68496815732942,0.9994866954786891,nan
201.68564935989707,1.0001741482475832,nan
201.6863304626895,1.0001119512112453,nan
201.68701166524988,0.9999230766544974,nan
201.68769276804233,1.0004019628868017,nan
201.68837387060194,1.000103477655162,nan
201.68905497316155,0.9998732660103119,nan
201.68973617596203,0.9999073517741283,nan
201.69041717852087,1.0002421101992627,nan
201.69109838108125,1.0002233335787076,nan
201.6917794838737,1.0001575423358617,nan
201.6924605864333,1.0000205992904632,nan
201.69314168923302,1.0000453275177146,nan
201.6938228917934,0.9996772161868979,nan
201.694503994353,0.9997953767080342,nan
201.69518509714544,0.9999876161214623,nan
201.69586619970505,0.9999761183849009,nan
201.69654730227194,1.0001689682250174,nan
201.69722840506438,0.9996898465589563,nan
201.697909507624,0.9996863641543042,nan
201.69859071018436,1.000260788091508,nan
201.6992718129768,1.000040855766032,nan
201.6999529155437,0.9999614639118317,nan
201.70063411810406,0.9996951583067077,nan
201.70131512089574,1.0002094421607963,nan
201.70199622345535,0.999945801827289,nan
201.70267742601573,1.0002273758778069,nan
201.70335852880817,1.0002335739849748,nan
201.70403963137505,1.0001688924250702,nan
201.70472083416826,0.9998614661911112,nan
201.70540193672787,1.0000899931181984,nan
201.70608313928824,1.0005405635963662,nan
201.70676414207992,0.9997690363027619,nan
201.7074452446468,1.0000227640915185,nan
201.70812634720642,0.9999984063393226,nan
201.70880754999962,1.000183916651046,nan
201.70948865255923,0.9996338291728438,nan
201.7101698551196,0.9999082391527975,nan
201.71085095791204,1.0006019291965584,nan
201.71153206047893,1.0000856519333088,nan
201.71221306303778,1.0003893951226863,nan
201.71289426583098,1.0002553365080564,nan
201.7135753683906,1.000342304327711,nan
201.71425657095097,0.9995501776723532,nan
201.71493767375068,0.999851182277527,nan
201.7156187763103,1.0000821417061028,nan
201.7162998788699,0.9997066493694811,nan
201.7169810816631,1.0000074374412362,nan
201.71766208422196,1.0003796283681248,nan
201.71834318678884,1.0001433405041187,nan
201.71902438958205,0.9999028264703733,nan
201.71970549214166,0.9999248365567848,nan
201.72038659470127,1.0001627486773312,nan
201.72106779749447,1.0001918428806102,nan
201.72174890006136,0.9999035971929269,nan
201.72243000262097,1.0003318327449089,nan
201.72311110518058,0.9998570738063526,nan
201.72379220797302,0.9994800889594643,nan
201.72447331053263,0.9998997901197544,nan
201.72515441309952,1.0003461623895722,nan
201.72583561589272,1.000014632932811,nan
201.72651671845233,1.0003144558247072,nan
201.72719782101194,0.9999816290357434,nan
201.72787902380514,0.9999684655735049,nan
201.72856012636475,1.0000361986153308,nan
201.72924112893088,0.9997150376498805,nan
201.72992233172408,0.9999565264811314,nan
201.7306034342837,0.999869004217481,nan
201.7312845368433,0.9996708392801472,nan
201.7319657396365,0.9998599277068556,nan
201.7326468422034,1.0000533513457435,nan
201.733327944763,0.999989464930747,nan
201.7340091475562,1.0003189910409693,nan
201.73469015011506,1.0003771570092503,nan
201.73537125267467,0.9999777503419357,nan
201.73605235524155,1.0000217931429105,nan
201.73673355803476,0.9998785716844335,nan
201.73741466059437,1.0000323086553373,nan
201.73809586315474,0.9999702268522248,nan
201.73877696594718,0.9999948974605404,nan
201.73945816850755,1.0004494043739387,nan
201.74013907107292,0.999853011838293,nan
201.7408202736333,1.0000405112383035,nan
201.74150137642573,1.0002255821482458,nan
201.7421825789861,1.0002103971376242,nan
201.7428636815457,1.0000030989618622,nan
201.74354478434543,1.0001523861287154,nan
201.7442259869058,1.000326576285073,nan
201.7449070894654,0.9998619318215295,nan
201.7455880922571,0.9998954156192424,nan
201.74626929481747,0.9997745570426763,nan
201.74695039738435,0.9999216715806049,nan
201.74763149994396,0.9997442722367973,nan
201.74831270273717,1.0000368403019217,nan
201.74899380529678,1.000012862512,nan
201.7496749078564,1.0003465202149109,nan
201.750356010416,1.0000589579724422,nan
201.75103711321572,0.9998225412687307,nan
201.75171821577533,1.0002999069027603,nan
201.75239931833494,0.9998465248096029,nan
201.75308052112814,1.000379637162134,nan
201.75376162368775,0.9998531169324636,nan
201.75444272625464,1.0000412854543534,nan
201.755123928815,0.9997652982251373,nan
201.75580503160745,0.9998558340806408,nan
201.7564860341663,0.9999587582050748,nan
201.75716723672667,0.9997573553199167,nan
201.7578483395264,1.0001119985287827,nan
201.758529442086,1.0000158793712661,nan
201.7592105446456,0.9998456499691124,nan
201.75989174720598,1.0000160502740514,nan
201.76057284999843,1.0003347279233654,nan
201.7612540525588,1.0003209195819731,nan
201.76193505512492,1.000381871859396,nan
201.76261615768453,0.9996599690818353,nan
201.76329726047697,0.9998820406529144,nan
201.76397846303735,1.0002530219792902,nan
201.76465956559696,0.9998803481986873,nan
201.7653407681646,0.9997932968614537,nan
201.76602187095705,0.9998177986156469,nan
201.76670297351666,1.0002318732067792,nan
201.7673839760755,0.9997886607610921,nan
201.76806517863588,1.0001788861044143,nan
201.7687462814356,1.0002738996020142,nan
201.76942748399597,1.0001401377564465,nan
201.77010858655558,1.0001037693248478,nan
201.7707896891152,1.0002960765390279,nan
201.7714708919084,0.9999406426914774,nan
201.772151994468,0.9997920420622316,nan
201.77283299703413,1.0000778845275362,nan
201.77351409959374,0.9998383658224247,nan
201.77419530238694,1.0000083695265984,nan
201.77487640494655,1.000069587966631,nan
201.77555760750693,1.0003122163916158,nan
201.7762387100738,0.9999310210394456,nan
201.77691981286625,1.000601498498583,nan
201.77760091542586,1.0004187972559029,nan
201.77828201798548,1.0002604570399545,nan
201.7789631205451,1.000198041236152,nan
201.7796442233448,1.0005155262729726,nan
201.78032542590518,0.9999108873412561,nan
201.7810065284648,0.9998607669320845,nan
201.7816876310244,1.0003960336890383,nan
201.7823688338176,0.9999989885720019,nan
201.7830499363772,1.0001151272506854,nan
201.78373093894334,0.9998681983380154,nan
201.7844121415037,1.0001047601138284,nan
201.78509324429615,1.0002730170955147,nan
201.78577434685576,0.999922892920056,nan
201.78645544942265,0.9995714055347608,nan
201.78713665198302,0.9994850824883,nan
201.78781775454263,1.000420463370815,nan
201.78849885733507,0.9999836309722496,nan
201.78917995989468,0.9999337143012832,nan
201.7898610624543,0.999964792772057,nan
201.79054216502118,1.000024791286372,nan
201.79122336781438,1.0000905060872003,nan
201.791904470374,1.0000304639157132,nan
201.7925855729336,0.9997463739335626,nan
201.79326677549398,0.9999395018049692,nan
201.79394787806086,0.9998621805908627,nan
201.79462888085254,1.000100730214911,nan
201.79531008341291,0.9996664522483669,nan
201.79599118597253,1.0001548215480578,nan
201.79667228853214,1.0002674588733127,nan
201.79735349132534,0.9996933851513261,nan
201.79803459389223,1.0000804720170047,nan
201.79871569645184,1.0000137785942838,nan
201.7993968990122,1.0000894727181793,nan
201.80007800157182,0.9999331457791673,nan
201.80075900437078,1.000115476762594,nan
201.80144020693115,1.0004481706514008,nan
201.80212130949076,0.9998365654670897,nan
201.80280241205037,1.000083175907312,nan
201.80348361461074,1.0001744416002032,nan
201.80416471740318,1.0000200771798116,nan
201.80484581997007,0.9997875278908485,nan
201.80552702253044,0.9995398746390156,nan
201.8062080250893,1.0000206156706495,nan
201.8068891276489,0.9999333089886858,nan
201.8075703304421,0.9998840651970289,nan
201.808251433009,0.9997141462847715,nan
201.8089325355686,1.0001400791545485,nan
201.80961373812897,1.0002629531929397,nan
201.81029484068858,0.9999305207613316,nan
201.81097594348103,0.9998185976973328,nan
201.81165704604064,0.9998982426962391,nan
201.81233814860752,1.0001156022530848,nan
201.81301925116713,1.0003246726825,nan
201.81370035372674,0.9999498355239587,nan
201.81438155628712,0.999990334331491,nan
201.81506265907956,0.9999760803780264,nan
201.81574376164644,1.0001868936202936,nan
201.81642496420682,1.000319509304889,nan
201.81710596676567,0.9999475054641047,nan
201.81778706932528,0.9997512835950522,nan
201.81846817211772,0.9999037383530843,nan
201.81914937468537,0.9997390137951715,nan
201.81983047724498,1.000207419790386,nan
201.82051167980535,1.0000975514645774,nan
201.82119278236496,0.999837956690317,nan
201.8218738851574,0.9996529426749288,nan
201.82255488772353,0.9998463613616545,nan
201.8232360902839,1.0003511037917325,nan
201.8239171928435,1.000160699934186,nan
201.82459829540312,1.0002345233591377,nan
201.8252794979635,1.0002958209352255,nan
201.82596060075593,1.0002915991826091,nan
201.82664180332358,0.9998723665471907,nan
201.8273229058832,0.9997340433431471,nan
201.82800390844204,0.9999984684682354,nan
201.82868501100165,1.0001258046989772,nan
201.82936621356203,0.9999040583925763,nan
201.83004731636174,1.0000902788675525,nan
201.83072851892211,0.9999617347473589,nan
201.83140962148173,1.0001076575082855,nan
201.83209072404134,1.0003234279035778,nan
201.8327719266017,1.0001393137404662,nan
201.83345292916783,1.0000047199266895,nan
201.83413403196028,1.0002842210013456,nan
201.83481523452065,1.0003176691289515,nan
201.83549633708026,0.9999845638596534,nan
201.83617743963987,1.0000752121587095,nan
201.83685864220024,0.9998190916261741,nan
201.83753974476713,1.0002077871143078,nan
201.83822084755957,0.9999810146546071,nan
201.83890195011918,1.000316889935907,nan
201.8395830526788,1.0002648502888567,nan
201.8402641552384,0.9999459418505362,nan
201.8409452578053,1.0002793445249434,nan
201.84162646036566,1.0000112158224934,nan
201.84230756292527,1.0004669078827941,nan
201.8429886657177,1.0001004789550096,nan
201.84366986827808,1.0001137787668317,nan
201.8443508708442,1.000474158140371,nan
201.84503197340382,0.9998962027173692,nan
201.84571307596343,0.9994689390638415,nan
201.8463942785238,0.9996684656995366,nan
201.8470753810834,0.9998954480980612,nan
201.84775648388313,1.0000877937970059,nan
201.8484376864435,1.0001672668911152,nan
201.84911878900311,1.0000443031442765,nan
201.84979979156196,1.000142903107738,nan
201.85048099412234,1.0003522781722252,nan
201.85116209668195,0.9995249709514447,nan
201.85184319924883,0.9999040529760861,nan
201.85252440204204,1.0001259402537408,nan
201.85320550460165,0.9999626639340741,nan
201.85388670716202,0.9997808743034846,nan
201.85456780972163,0.9998056689738556,nan
201.85524881228775,1.0002287599283568,nan
201.85592991484737,0.9999824669305019,nan
201.85661111740774,1.0001570538459867,nan
201.85729221996735,1.000233691486774,nan
201.8579733227598,0.9999089444413749,nan
201.85865452532016,1.0001802536636728,nan
201.85933562788705,1.0001749014128123,nan
201.86001683044742,0.999895910672515,nan
201.86069783300627,0.9999234683476232,nan
201.86137893556588,1.0003252602530863,nan
201.86206003813277,1.0002345931197332,nan
201.86274124069314,1.000194581243148,nan
201.86342234348558,1.0000352486455368,nan
201.86410354604595,0.9999275988108227,nan
201.86478464860556,0.9997679341419735,nan
201.86546575116517,1.000439231439789,nan
201.86614685373206,0.99999452488006,nan
201.86682795629167,1.000318501897096,nan
201.86750905885128,1.0003740100157892,nan
201.8681901614109,0.9997286588600741,nan
201.86887136397127,1.0001814015248158,nan
201.86955246677098,0.9998087493432662,nan
201.8702335693306,0.9997989339428528,nan
201.87091477189097,1.0002827128522367,nan
201.87159587445058,0.9995791215460458,nan
201.87227687700943,0.9999596168733781,nan
201.8729579795763,1.0000202321243203,nan
201.87363918213669,0.9997540976771988,nan
201.8743202846963,1.0003162416581637,nan
201.8750013872559,1.0001419986471551,nan
201.87568258981628,1.0007425048748617,nan
201.87636369260872,1.0001309998892398,nan
201.8770447951756,1.0004441070375432,nan
201.87772589773522,1.00030074426136,nan
201.87840700029483,1.0002457553448028,nan
201.87908810285444,1.0002277230728085,nan
201.8797693054148,0.9997074738648994,nan
201.8804504079817,0.999707644125736,nan
201.8811315105413,0.9999017548305003,nan
201.88181271310168,0.9999175695354414,nan
201.8824938156613,1.0000727100377003,nan
201.88317481845297,0.9999501225164943,nan
201.88385592101986,1.0002096868003558,nan
201.88453712358023,1.0000345070530376,nan
201.88521822613984,0.9997528536573493,nan
201.8858994287002,1.0002184113191992,nan
201.88658053125982,0.9997707056680312,nan
201.88726163381943,0.9997858767377046,nan
201.88794283638708,1.0001914345391492,nan
201.88862383894593,1.000194233025219,nan
201.88930494150554,0.999761654166541,nan
201.88998614406592,1.0001227536372557,nan
201.89066724662553,0.9997370224679248,nan
201.8913483491924,1.0001576635069076,nan
201.89202955198562,0.9996394274843586,nan
201.89271065454523,0.9996985396994676,nan
201.89339175710484,0.9999239146422931,nan
201.89407285966445,1.0001219276951672,nan
201.89475396223133,1.000147319366604,nan
201.89543506479095,0.9996290710730675,nan
201.89611626735132,0.9999672722957658,nan
201.89679736991093,0.9998406431185721,nan
201.89747847247054,0.9999743687806467,nan
201.8981596750309,0.9999702522333425,nan
201.8988407775978,0.9999227956805221,nan
201.89952178015665,1.0000410585723356,nan
201.90020288271626,0.9997815016226839,nan
201.90088408527663,0.9996281598971279,nan
201.90156518806907,0.9996366991769083,nan
201.90224629063596,1.0001474078798096,nan
201.90292749319633,0.9998576969288884,nan
201.90360859575594,0.9994857749559011,nan
201.90428969831555,0.9995413472696045,nan
201.90497080087516,0.9993179620023909,nan
201.90565190344205,0.9996572943109686,nan
201.90633300600166,0.9997259695607135,nan
201.90701420856203,0.9998571912457539,nan
201.90769531112164,0.9999747633188313,nan
201.90837641368125,0.9998026774680276,nan
201.90905761624163,0.9997458772573234,nan
201.9097387188085,0.9996032784876305,nan
201.91041972136736,0.9998841691442466,nan
201.91110082392697,0.9999232803823279,nan
201.91178202648734,0.9999587468096499,nan
201.91246312904696,0.9998460735826898,nan
201.91314423161384,1.0001969615898711,nan
201.9138254341742,0.9995824148010453,nan
201.91450653696666,0.9999153862763445,nan
201.91518773952703,1.0002233352329983,nan
201.91586874208588,1.0001610311418685,nan
201.91654984465276,1.0000870752748816,nan
201.91723094721237,0.9996772113096896,nan
201.91791214977275,0.9997008956432379,nan
201.91859325233236,0.9998727247382626,nan
201.91927445489273,1.0002317532095197,nan
201.91995555745234,0.9996368663475531,nan
201.92063666001923,0.9994326760502725,nan
201.92131766257808,0.9999586332228398,nan
201.92199886513845,0.9998167239903097,nan
201.92267996769806,0.9996872585757063,nan
201.92336117025843,0.9998651631060689,nan
201.92404227282532,1.0000061981137518,nan
201.92472337538493,0.9997942092760665,nan
201.9254045779453,0.9996514727271663,nan
201.9260856805049,0.9999841163008992,nan
201.92676668306376,0.9998224281424345,nan
201.92744778563065,0.9999635694418701,nan
201.92812898819102,0.9996662947618133,nan
201.92881009075063,0.9999519793190271,nan
201.92949119331024,0.9996085916481598,nan
201.9301723958706,0.9997690040214211,nan
201.9308534984375,0.9998000879126523,nan
201.9315346009971,0.999838307093831,nan
201.93221570355672,0.9999750316339349,nan
201.93289680611633,0.9997688554064617,nan
201.93357790867594,0.9999655405139856,nan
201.93425911123632,0.9997795930838974,nan
201.9349402138032,0.9999699783322652,nan
201.9356213163628,0.9997567319227643,nan
201.93630241892242,0.9994683085846315,nan
201.9369836214828,1.000109302651744,nan
201.9376647240424,0.9995368401933563,nan
201.93834572660853,0.999833480500511,nan
201.9390269291689,0.9997981202044895,nan
201.93970803172851,0.999762303823435,nan
201.94038913428813,0.9999004918483139,nan
201.9410703368485,0.9999269011851483,nan
201.94175143941538,0.9999374463994709,nan
201.942432541975,0.9998479704252522,nan
201.9431137447682,1.0000882763755892,nan
201.94379474709422,0.9998721460288608,nan
201.94447584988666,0.999975798613465,nan
201.94515705222148,1.0000448968883158,nan
201.94583815501392,0.9998243097271168,nan
201.9465192573407,0.9996440754729581,nan
201.9472004601339,0.9996934030108677,nan
201.94788156246068,0.9996648948972929,nan
201.94856276502105,0.9998577435663702,nan
201.94924376758718,0.9999896064233132,nan
201.9499248701468,0.9999934588942435,nan
201.9506059727064,0.9995636698674953,nan
201.95128717526677,0.9999972008225007,nan
201.95196827782638,0.9997024886991807,nan
201.95264948038675,1.0000452462279559,nan
201.95333058295364,0.9999524311101933,nan
201.95401168551325,0.9998842330768615,nan
201.9546926880721,1.000006754567845,nan
201.95537389063247,0.9999661530454852,nan
201.95605499319936,0.9998722410375156,nan
201.95673609575897,0.9997710353286003,nan
201.95741729831934,0.9997739395940729,nan
201.95809840087895,1.000050606176873,nan
201.95877950343856,0.9998994709814858,nan
201.95946070599894,1.0002237325767944,nan
201.96014170856506,0.9997388428774014,nan
201.96082281112467,0.9996753244440603,nan
201.96150401368504,0.99991065843956,nan
201.96218511624465,1.0005783302671556,nan
201.96286621880427,1.0000912869944438,nan
201.96354732137115,1.0006894107623243,nan
201.96422852393152,1.0000354996089647,nan
201.96490962649113,0.9999866364214467,nan
201.96559062904998,0.999738885385919,nan
201.96627183161036,1.0001601700284428,nan
201.96695293417724,1.000130764538268,nan
201.96763403673685,0.9998837268903633,nan
201.96831513929646,1.000096517266252,nan
201.96899634185684,0.9997151259834332,nan
201.96967744441645,0.9998173623555984,nan
201.97035864697682,0.999857052989851,nan
201.97103964954294,1.0001158607254683,nan
201.97172075210256,1.0002382526569442,nan
201.97240185466217,1.000120141627093,nan
201.97308305722254,1.0000190774126971,nan
201.97376415978215,1.0001445168227066,nan
201.9744453623498,1.0001194231501942,nan
201.9751264649094,0.9998907500088606,nan
201.9758075672362,1.0003882155961432,nan
201.97648856979504,1.0005030672276864,nan
201.9771697723554,0.9995943786872677,nan
201.9778508749223,1.0002774960551961,nan
201.97853207748267,1.0001814120406243,nan
201.97921318004228,1.0003499106474179,nan
201.9798942826019,0.9999286750836802,nan
201.98057548516226,1.0000987891304116,nan
201.98125658772187,1.0002070301302106,nan
201.981937590288,1.0001743649991226,nan
201.98261879284837,1.0000456989765953,nan
201.98329989540798,0.999822089915442,nan
201.9839809979676,1.000355117438778,nan
201.98466220052796,1.00008678391936,nan
201.98534330309485,1.0001722436420601,nan
201.98602440565446,0.9999917993274597,nan
201.98670560821483,0.9998829439492919,nan
201.98738661077368,1.000039735439934,nan
201.98806771310046,0.9999275103279185,nan
201.98874881566735,1.00030192056538,nan
201.98943001822772,0.9999230765946897,nan
201.99011112078733,1.0003225372372164,nan
201.99079222334694,0.9998722693504336,nan
201.99147342590732,1.0004997352732352,nan
201.9921545284742,1.0001102490364844,nan
201.99283553103305,1.0002573340068808,nan
201.99351673359342,0.9997399058963227,nan
201.99419783615303,1.0000766393554434,nan
201.99487893871265,0.9999170793447227,nan
201.99556004127953,0.9999636744202894,nan
201.9962412438399,1.0001085822822195,nan
201.99692234639951,1.0004371785780704,nan
201.9976034487263,0.9998899623850086,nan
201.9982845512859,0.9999345595480063,nan
201.9989656538528,1.0001279678945332,nan
201.9996467564124,1.0003610404183916,nan
202.00032795897278,1.0000152891518357,nan
202.0010090615324,1.0002168016922413,nan
202.001690164092,1.0002141718582114,nan
202.00237136665237,0.999882642525196,nan
202.00305246921926,0.9999405249281825,nan
202.0037334717781,1.00032175968725,nan
202.00441467433848,1.0001720011059216,nan
202.0050957768981,0.9999046576990528,nan
202.0057768794577,1.000270097028504,nan
202.00645808179252,0.9999331733466943,nan
202.00713918435213,0.9997504342157331,nan
202.0078203869125,0.9999918130243832,nan
202.0085014894721,0.999930152760048,nan
202.00918259203172,0.9998059860748747,nan
202.00986359459785,0.9996157954886334,nan
202.01054479715822,1.0000877451786239,nan
202.01122589971783,1.0000355701273738,nan
202.0119071022782,0.9998945521976822,nan
202.0125882048378,0.9998809855838477,nan
202.0132693071646,1.0001627268422184,nan
202.01395040973148,0.9999796578485517,nan
202.01463161229185,1.00018064745393,nan
202.0153126148507,0.9996251300269385,nan
202.0159937174103,1.0000236605651178,nan
202.01667491997068,1.000390220033971,nan
202.01735602253757,1.000152476827472,nan
202.01803712509718,0.9997449484237128,nan
202.01871832765755,0.9997633779322874,nan
202.01939943021716,0.9999860262311739,nan
202.02008053254394,1.0001061633048,nan
202.02076163510355,1.000353550106937,nan
202.02144273767044,1.0003040886930477,nan
202.02212384023005,0.9997570502793514,nan
202.02280494278966,0.9997672105944188,nan
202.02348614535003,0.9999843472632979,nan
202.02416724790965,0.9998851395262682,nan
202.02484835047653,0.9997431050396176,nan
202.0255295530369,1.0000148060030407,nan
202.02621055536292,1.000101776924331,nan
202.02689165792253,0.999773965118341,nan
202.0275728604829,1.0002012319836422,nan
202.0282539630498,0.9997110393099659,nan
202.0289350656094,1.0001237510261294,nan
202.02961626816978,1.0001469570127666,nan
202.0302973707294,0.9997838781109092,nan
202.030978473289,0.9997604907063993,nan
202.0316594756223,0.9997590014236768,nan
202.03234067818266,1.0001304828829078,nan
202.03302178074227,0.9999106330776243,nan
202.03370298330265,1.0002660569334274,nan
202.03438408586226,1.0000255096465105,nan
202.03506518842187,1.0000853703306345,nan
202.03574639098952,0.9997545422025934,nan
202.03642749354913,0.9998087567698412,nan
202.03710849587515,0.9999964349721061,nan
202.03778959843476,1.0000352141378526,nan
202.03847080099513,1.0004595092615844,nan
202.03915190356201,0.9999566335747889,nan
202.0398331061224,0.9998345334248411,nan
202.040514208682,1.0002559985621364,nan
202.0411953112416,1.0000077886571168,nan
202.04187651356915,1.0000544016679067,nan
202.04255751613528,1.0001209619911777,nan
202.0432386186949,1.0002666299328746,nan
202.04391982125526,0.9998418732689813,nan
202.04460092381487,1.0000398038167053,nan
202.04528202637448,1.0001684930813177,nan
202.04596322893485,1.0001950854526678,nan
202.0466443312689,1.000067115204941,nan
202.04732543382852,0.9999474357893628,nan
202.04800653638813,0.9997068125666213,nan
202.04868763894774,1.0004138944421146,nan
202.04936874150735,1.0000561337009184,nan
202.05004984407424,0.9998576015375651,nan
202.0507310466346,1.0001316764164985,nan
202.0514121489614,0.9999432476520113,nan
202.052093251521,0.9997237409695694,nan
202.05277445408137,1.000054643849353,nan
202.0534554566475,0.9996276048475368,nan
202.0541365592071,0.9999245413565118,nan
202.05481776176748,1.0001814449982593,nan
202.05549886409426,1.000245139510521,nan
202.05617996665387,1.0000744190690338,nan
202.05686106922076,1.000155927525699,nan
202.05754227178113,0.9997680949316572,nan
202.05822337434074,0.9996214635102103,nan
202.0589043768996,0.9999824688974795,nan
202.05958557922713,1.0001731523496287,nan
202.06026668179402,0.9995649440116583,nan
202.06094778435363,0.9996826006862866,nan
202.061628986914,0.9997439095264641,nan
202.0623100894736,0.9997847392446079,nan
202.06299129203398,0.9999373103087845,nan
202.06367239436076,0.9999804825441855,nan
202.0643533969269,0.9998403370893083,nan
202.0650344994865,1.000161734870286,nan
202.06571570204687,0.999906473154809,nan
202.06639680460648,0.9998677340058911,nan
202.06707800716686,1.0002666939161016,nan
202.0677591095009,1.000140550488418,nan
202.06844021206052,1.0001902040222888,nan
202.0691214146209,1.0001785439836517,nan
202.06980241717974,0.9999475228531504,nan
202.07048351973935,1.0000943031364964,nan
202.0711647220669,1.0001655484153384,nan
202.07184582463378,1.0001289349010518,nan
202.0725269271934,0.9998017524551661,nan
202.07320812975377,0.9997619774936412,nan
202.07388923231338,0.999740156785704,nan
202.074570334873,1.000087105633527,nan
202.07525133720628,1.000361233430297,nan
202.07593253976665,0.9999496484069226,nan
202.07661364232627,0.9999170870787866,nan
202.07729474488588,0.9996241178060704,nan
202.07797594744625,0.9998338769960136,nan
202.0786570497803,1.0000950053610678,nan
202.07933815233991,1.000093633231535,nan
202.0800193549003,0.9998985738027935,nan
202.0807004574599,0.9994971835966544,nan
202.08138146001875,1.000602580466886,nan
202.0820626623463,1.000049674863347,nan
202.08274376491318,1.0000274815126788,nan
202.0834248674728,0.9997177798698458,nan
202.0841059700324,1.0000935849975083,nan
202.08478717259277,0.99962203459548,nan
202.08546827491955,1.000273307150746,nan
202.08614937748644,0.9999644494608736,nan
202.08683048004605,1.000423933605295,nan
202.08751158260566,1.0003108540739927,nan
202.08819268516527,0.9996772045707629,nan
202.0888738874928,1.0000136272975988,nan
202.0895549900597,1.0005379272087813,nan
202.0902360926193,0.9999446412401084,nan
202.09091729517968,0.9997746650817341,nan
202.0915983977393,1.0000500571178077,nan
202.0922794000653,0.9996768905953344,nan
202.09296060263296,0.9996023531008762,nan
202.09364170519257,1.0000164534307032,nan
202.09432280775218,0.9998722765430031,nan
202.09500401007972,0.999831340148937,nan
202.09568511263933,0.9999956165764546,nan
202.09636621519894,1.000240148577304,nan
202.0970474177666,1.000064260204881,nan
202.09772842032544,1.0000799211988842,nan
202.09840952265222,0.9999968553322256,nan
202.0990907252126,1.0002925177775166,nan
202.0997718277722,0.9999444409277448,nan
202.1004529303391,1.0002844064867553,nan
202.10113413266663,1.000246487321692,nan
202.10181523522624,0.999548548824381,nan
202.10249633778585,1.0000547595145906,nan
202.10317744034546,0.9999055509555611,nan
202.10385854291235,1.00021587940335,nan
202.10453964523913,1.0000045032310416,nan
202.1052208477995,0.9998061998485295,nan
202.1059019503591,1.000090183711106,nan
202.10658305291872,0.9998258368368756,nan
202.10726425524626,0.9996765906331516,nan
202.10794535781315,1.00016560905414,nan
202.108626360372,1.0003847312358298,nan
202.10930756293237,1.0001000167754535,nan
202.10998866525915,0.9985924002687537,nan
202.11066976781876,0.9998347627152795,nan
202.11135087038565,1.0001405000552415,nan
202.11203207294602,1.0001976253477356,nan
202.1127131752728,1.000515695440811,nan
202.1133942778324,0.9998616045942902,nan
202.11407538039202,0.999840534650682,nan
202.1147564829589,1.0000721343494794,nan
202.11543758551852,0.9999277024053713,nan
202.11611878784606,1.0000389703932433,nan
202.11679989040567,1.0001040987692722,nan
202.11748099296528,0.9999872138874939,nan
202.11816219552566,1.000221044286986,nan
202.1188432978597,0.9999380066010847,nan
202.11952430041856,1.0000989744646935,nan
202.12020540297817,1.0002810677587899,nan
202.12088660553854,0.9999347757494439,nan
202.1215677078726,0.9999946528308695,nan
202.12224891043297,1.0004098402333406,nan
202.12293001299258,0.9999399675819871,nan
202.12361111531936,0.9998716042919313,nan
202.12429231787974,1.0003961986137302,nan
202.12497332043858,0.9999482362516976,nan
202.12565442300547,1.0003442612976428,nan
202.12633552533225,1.0001358069476511,nan
202.12701672789262,0.9998261577356089,nan
202.12769783045223,0.9999928054127474,nan
202.1283790330126,0.9997190600085998,nan
202.1290601353394,1.0000662754134169,nan
202.12974123790627,1.0003367628271516,nan
202.13042224046512,1.0000709228577132,nan
202.1311034430255,0.9999398689238103,nan
202.13178454535228,1.000211976563166,nan
202.13246574791265,0.9999240335168732,nan
202.13314685047953,1.0001058299867438,nan
202.13382795303914,1.00022420879349,nan
202.1345091553667,1.0001509546774945,nan
202.1351902579263,1.0000336050357956,nan
202.13587126048515,1.0001690215308794,nan
202.13655246281996,1.0000698173253695,nan
202.13723356537957,0.9998077571793976,nan
202.13791466793919,0.999931689385305,nan
202.1385957704988,0.9999566706979522,nan
202.13927697282634,1.0000232351948488,nan
202.13995807539322,1.0000922445659364,nan
202.14063917795283,0.9996348433091127,nan
202.14132028027961,1.00012444985858,nan
202.14200138283923,1.0002690145562176,nan
202.14268248539884,1.0001255023787305,nan
202.1433636879592,0.9998213319227045,nan
202.14404479029326,1.0000759487117505,nan
202.14472589285288,1.0000977412205656,nan
202.1454069954125,0.9998674996467256,nan
202.14608819774003,0.9998831755300189,nan
202.14676920030615,1.0001534700949155,nan
202.14745030286576,0.9998275747310631,nan
202.14813150542614,1.0002001841423787,nan
202.14881260775292,1.0001138516456327,nan
202.14949371031253,1.0002798677667757,nan
202.1501749128729,1.000178674551255,nan
202.15085601520695,1.0000909468504895,nan
202.15153721776733,0.9999582790738857,nan
202.15221832032694,0.9996336087219856,nan
202.15289932265296,1.0000683608525065,nan
202.15358042521257,1.0001064811493472,nan
202.15426162778022,0.9999876463587622,nan
202.15494273033983,0.999791268845475,nan
202.15562393266737,1.0003481793427182,nan
202.15630503522698,0.9998358758570485,nan
202.1569861377866,0.9997741983439752,nan
202.15766734011413,0.9996699193105514,nan
202.15834834268026,1.0001831303048414,nan
202.15902944523987,0.9996124311278555,nan
202.15971054756665,0.9999722884686524,nan
202.16039175012702,0.9998662837571402,nan
202.16107285268663,0.9998379771568278,nan
202.16175405502145,1.000076765065168,nan
202.16243515758106,0.9999957272665431,nan
202.16311626014067,0.999825039500414,nan
202.16379726269952,1.0003959338608293,nan
202.16447846502706,1.000254538354332,nan
202.16515956759395,0.999804488252281,nan
202.16584067015356,0.9997983388799229,nan
202.1665218724811,1.0001400600473362,nan
202.1672029750407,1.0000895201955005,nan
202.16788407760032,1.0002342190722193,nan
202.16856527992786,0.9998466850152002,nan
202.169246282494,1.000330390769374,nan
202.1699273850536,1.0000063574573228,nan
202.17060858738114,1.0000547299220173,nan
202.17128968994075,1.0000554790135634,nan
202.17197079250036,0.9999398330455701,nan
202.17265189483442,0.9999074128188837,nan
202.1733330973948,0.9999343795285084,nan
202.1740141999544,0.9999680035753707,nan
202.17469520228042,0.9998082298963724,nan
202.1753764048408,1.0001196351794657,nan
202.17605750740768,0.9999705235857843,nan
202.17673860973446,1.0000476890283867,nan
202.17741981229483,1.000345492807914,nan
202.17810091485444,1.000037318710706,nan
202.17878201718122,1.0000066844384499,nan
202.1794632197416,1.0002275542589694,nan
202.18014422230772,1.0002953522252533,nan
202.1808253246345,0.9999808929547187,nan
202.1815064271941,0.9998176067066913,nan
202.18218762975448,0.999975570009186,nan
202.18286873208126,1.000328824385772,nan
202.1835499346489,0.999965084404088,nan
202.18423103720852,1.0001662218881222,nan
202.1849121395353,0.9996819927378622,nan
202.18559314209415,1.0003208055481354,nan
202.18627434465452,0.9999598910107499,nan
202.18695544698858,0.9999978198135432,nan
202.18763664954895,1.0006562311992822,nan
202.18831775187573,1.0000392576332024,nan
202.18899885443534,0.9998626750566506,nan
202.1896800569957,0.9996817206925314,nan
202.19036115932977,0.9996845281672196,nan
202.19104216188862,1.000018497286487,nan
202.191723364449,1.0001207782961814,nan
202.19240446677577,0.9997073113335779,nan
202.19308556933538,1.0001027562522335,nan
202.19376677189575,1.0000799879229252,nan
202.1944478742298,0.9994920438011285,nan
202.19512897678942,0.9998174438198563,nan
202.1958101793498,1.000025903633381,nan
202.1964911816758,1.0001020487634986,nan
202.19717228423542,1.0001014787969493,nan
202.19785348657024,1.0001623906757557,nan
202.19853458912985,0.9997160475325428,nan
202.19921569168946,1.0001739129297689,nan
202.19989679401624,1.0001877845054463,nan
202.2005779965766,0.99998884360794,nan
202.2012590991435,1.0000618706093425,nan
202.20194010146952,0.9999874248915686,nan
202.2026213040299,0.9996869372592876,nan
202.20330240635667,1.0000380288479278,nan
202.20398350891628,0.9997771719863598,nan
202.20466471147665,1.0000787182592834,nan
202.2053458138107,0.9998039656371531,nan
202.20602691637032,1.0001093438435278,nan
202.2067081189307,0.9999748791159608,nan
202.2073891212567,0.9996473764855001,nan
202.2080702238236,0.9988473024379276,nan
202.20875132615038,1.000614170884827,nan
202.20943252871075,1.0001943002936104,nan
202.21011363127036,1.0000598761825017,nan
202.2107948335979,1.0000612233489798,nan
202.2114759361575,0.9999731941156847,nan
202.2121570387244,1.0002553552243791,nan
202.21283804105042,0.9996279788842224,nan
202.2135192436108,0.9999898532892183,nan
202.21420034593757,0.9999539821209474,nan
202.21488144849718,1.0002183219904692,nan
202.21556265106483,1.0002681603397243,nan
202.2162437533916,0.9998010329195133,nan
202.21692495595198,0.9997876501858167,nan
202.21760605827876,0.9998120506363936,nan
202.21828716083837,1.0001946372900083,nan
202.2189681634045,0.9996373289516135,nan
202.21964936573204,1.0002132946707052,nan
202.22033046829165,1.000181919824241,nan
202.2210116706192,1.0003252098294404,nan
202.2216927731788,0.9997307890362921,nan
202.2223738757384,1.000099178904026,nan
202.22305497807247,1.0002705994085712,nan
202.22373618063284,0.9998877339514666,nan
202.22441718295886,1.0000978581742828,nan
202.22509828551847,1.0001920900386356,nan
202.22577948807884,0.9999376020340328,nan
202.2264605904129,0.9998525367762745,nan
202.2271416929725,1.0001457552833757,nan
202.22782289530005,1.0001325849409635,nan
202.22850399785966,0.9998252265379013,nan
202.22918510041927,0.9999427215285609,nan
202.22986620275333,0.9996497179996963,nan
202.23054730531294,1.000267876431759,nan
202.23122840763972,1.000267677957038,nan
202.23190951019933,1.000053209309969,nan
202.23259071252687,0.9996286908117696,nan
202.23327181508648,0.999779047055358,nan
202.23395291765337,1.000286623863426,nan
202.2346341199809,0.9998181105528338,nan
202.23531512253976,1.0005082882574017,nan
202.23599622486654,1.0001961210930705,nan
202.2366774274269,0.9998162937890178,nan
202.2373585299938,1.0000536157100628,nan
202.23803963232058,0.9996281646248326,nan
202.23872083488095,0.9999639556948628,nan
202.23940193720773,1.0000937575127151,nan
202.24008303976734,1.0003230345854788,nan
202.2407641421014,0.9996572966839252,nan
202.241445244661,0.9999803092466156,nan
202.24212634722062,0.9998105973772424,nan
202.24280754954816,1.0000317744525928,nan
202.24348865210777,0.999675245449934,nan
202.24416975444183,1.0001971174751991,nan
202.2448509570022,1.0000720755860246,nan
202.24553205932898,0.999949971204481,nan
202.24621306188783,0.9998346912816424,nan
202.2468942644482,0.9999032836980474,nan
202.24757536677498,0.9998065489959038,nan
202.24825646934187,1.0000145931987114,nan
202.2489376716694,1.0000716406547308,nan
202.24961877422902,1.000153923813807,nan
202.2502998765558,1.0002305227130261,nan
202.25098107911617,1.0001737085020102,nan
202.25166208144947,0.9998504670497343,nan
202.25234318400908,0.9999894698705774,nan
202.25302438656945,1.000064567376978,nan
202.25370548889623,0.9997838953562961,nan
202.25438659145584,1.0002606211750602,nan
202.25506779378338,0.9997664955420249,nan
202.25574889635027,1.000134747296888,nan
202.25642999867705,1.0001821421653379,nan
202.25711110123666,1.0001544720951163,nan
202.25779220356344,1.0002514116722991,nan
202.25847330612305,1.0000103602107748,nan
202.25915440868994,1.000029150898294,nan
202.25983561101748,1.0001278179792388,nan
202.2605167135771,1.0000913247173016,nan
202.26119781590387,1.000162951353273,nan
202.26187901846424,0.9998355339409273,nan
202.26256002079754,1.0000966425775544,nan
202.26324112335715,0.9997987914309978,nan
202.2639223256847,0.999994672355222,nan
202.2646034282443,1.0000794808235085,nan
202.26528453057108,0.9999054546749283,nan
202.26596563313797,1.000095798612355,nan
202.2666468354655,0.9998835208521383,nan
202.26732793802512,0.9997839804707268,nan
202.26800894058397,1.000295258749425,nan
202.2686901429115,0.9999541192536355,nan
202.2693712454784,1.0003076980483716,nan
202.27005234780518,1.0000211952912745,nan
202.27073355036555,1.0002324350552207,nan
202.27141465269233,1.0001710571572686,nan
202.2720958552527,1.0001374495310271,nan
202.27277695757948,1.0002924335656982,nan
202.2734579601456,0.9999807585627076,nan
202.2741390624724,1.0000137000683802,nan
202.27482026503276,1.0001728158059027,nan
202.27550136735954,1.0000765502649704,nan
202.2761825699199,0.9998874998672513,nan
202.27686367225397,0.9999361309289446,nan
202.27754477481358,1.0007189463763924,nan
202.27822597714112,1.000256487176248,nan
202.27890697969997,1.0001715935071605,nan
202.27958808202675,1.0000743719999732,nan
202.28026928458712,0.9999304901847033,nan
202.28095038692118,1.0001709276061794,nan
202.2816314894808,0.9998187589142141,nan
202.28231269180833,0.9997186933700528,nan
202.28299379436794,1.0001456075375867,nan
202.28367489692755,1.0000635515294631,nan
202.2843559992616,1.0003442111980863,nan
202.2850371015884,1.0004445286202048,nan
202.285718204148,1.000198610598714,nan
202.2863993067076,0.9998648847184216,nan
202.28708050903515,1.0000489281055789,nan
202.28776161160204,0.9999227241610866,nan
202.28844271392882,1.0001299411026696,nan
202.2891239164892,1.0004585136399236,nan
202.28980501881597,0.9996104776552385,nan
202.29048602137482,1.000002363750189,nan
202.29116722370964,1.0000387887411746,nan
202.29184832626925,0.9998696971216987,nan
202.29252942859603,0.9998073958790465,nan
202.29321053115564,0.9997386797663149,nan
202.29389173348318,0.9999316358813759,nan
202.2945728360428,1.0003163675930125,nan
202.2952540383776,0.9996379778944987,nan
202.29593504093646,0.999997503099214,nan
202.29661614326324,1.0000591693030014,nan
202.29729724582285,1.0001655388161181,nan
202.2979784481504,1.0001917675349081,nan
202.29865955048444,0.9997343538331709,nan
202.29934065304406,0.999917137854085,nan
202.3000218553716,1.0000291457570814,nan
202.3007029579312,1.000203925598639,nan
202.30138396025723,1.000036150219573,nan
202.30206516282487,1.0001243546398964,nan
202.30274626515165,1.0001165670257708,nan
202.30342736771127,1.000114347710546,nan
202.3041085700388,1.0001635327129803,nan
202.30478967259842,0.9997485014290094,nan
202.30547087492596,0.9997424087932163,nan
202.30615197749285,1.0000135174647335,nan
202.30683297981886,1.0000291956075236,nan
202.30751408237847,0.9999380868730476,nan
202.30819528470602,1.0000911602554419,nan
202.30887638726563,1.0001826704993932,nan
202.30955758960044,1.0003409266393017,nan
202.31023869216006,1.0006271251701861,nan
202.31091979448684,0.9997707576307918,nan
202.3116009970472,1.0000937957932032,nan
202.31228199937323,1.0002066086234054,nan
202.31296310170728,1.0000578380588674,nan
202.3136442042669,1.0000614481989163,nan
202.31432540659443,1.000118651693063,nan
202.31500650915405,0.9999949056454697,nan
202.31568761148083,1.0003498915273716,nan
202.3163688140412,1.0002429741948637,nan
202.31704991637525,0.9998935834430535,nan
202.3177309189341,1.0001462553741138,nan
202.31841212126164,0.9998058566978236,nan
202.31909322382126,1.0000948767046658,nan
202.31977432614804,0.9999966258346804,nan
202.32045542871492,1.0003172170612125,nan
202.32113663104246,1.0002255007098564,nan
202.32181773360207,0.99943842779931,nan
202.32249883592885,1.000085848380035,nan
202.32317993825563,1.0001822934467768,nan
202.32386104082252,0.9997832557658797,nan
202.3245421431493,1.0001087979982444,nan
202.32522334570967,1.0002613133155878,nan
202.32590444803645,1.0001536597081075,nan
202.32658555059606,0.9999645588738301,nan
202.3272667529236,1.0001687328645226,nan
202.3279478554905,0.9996447184191225,nan
202.3286288578165,1.000137683730239,nan
202.3293099601433,1.0002894398070512,nan
202.32999116270366,0.9999846070000744,nan
202.33067226503772,0.9997759753170093,nan
202.3313534675981,0.9997737649591293,nan
202.33203456992487,0.9999961126247213,nan
202.33271567248448,1.000088938730248,nan
202.33339687481202,1.0001482047275807,nan
202.33407787737087,0.9999403054427283,nan
202.33475897970493,1.0001318927978418,nan
202.33544018203247,0.9997804588581602,nan
202.33612128459208,1.0002364028015025,nan
202.33680238691886,1.0001524993570394,nan
202.33748358947923,0.9997792910035983,nan
202.3381646918133,0.9996903317219714,nan
202.33884589437366,0.9998904521244423,nan
202.33952679669892,1.0001421425267922,nan
202.34020799902646,1.0004086425509215,nan
202.34088910158607,1.000085081638779,nan
202.3415703039136,0.9997737068082982,nan
202.3422514064805,1.00000844616435,nan
202.34293250880728,0.9999491192060469,nan
202.34361371136765,0.9998537349603178,nan
202.34429481369443,0.9999131378027507,nan
202.34497581602773,0.9998192841122767,nan
202.3456570185881,1.0000390930707614,nan
202.34633812091488,1.0001066637857134,nan
202.3470192234745,0.999784724738062,nan
202.34770032580127,0.9999371374889391,nan
202.34838152836164,0.9996494222946534,nan
202.3490626306957,0.999704588532411,nan
202.34974373302248,0.999673527472005,nan
202.3504248355821,0.9995994882428434,nan
202.35110593790887,0.9997916026900265,nan
202.35178704046848,0.9999843384744693,nan
202.35246824279602,0.9998500755423465,nan
202.35314934513008,0.9996263649142074,nan
202.3538304476897,0.9999320632169401,nan
202.35451155001647,0.9998784926742593,nan
202.35519275257684,1.0001837222632028,nan
202.35587375491014,1.0002350229927228,nan
202.35655485723692,0.999895783290729,nan
202.3572360597973,1.0000239381331728,nan
202.35791716212407,1.0003597911449502,nan
202.35859826468368,1.0001301593898744,nan
202.35927946701122,1.0001381403340315,nan
202.35996056934528,0.9997895488922002,nan
202.36064177190565,0.9998617099738663,nan
202.36132287423243,1.000070662979403,nan
202.36200387679128,0.999528344236667,nan
202.36268497911806,1.0001151421790717,nan
202.36336618145288,0.9998079773927426,nan
202.36404728401249,0.9997257702353859,nan
202.36472848634003,0.9999880529657723,nan
202.36540958889964,0.9998256586446088,nan
202.36609069122642,0.9996330218747729,nan
202.36677189355396,1.0000866258235064,nan
202.36745289612008,0.9998950963861977,nan
202.36813399844687,1.000124539325166,nan
202.36881520100724,0.9994911219685063,nan
202.36949630333402,0.999825034471608,nan
202.3701774056608,1.000160091828855,nan
202.37085860822845,1.000209903660506,nan
202.37153971055523,1.0001389834567418,nan
202.372220812882,0.999882942378163,nan
202.37290191544162,1.0003817428397335,nan
202.3735830177684,1.0001505650782478,nan
202.37426412033528,0.9999460805174394,nan
202.37494522266206,1.000036945485742,nan
202.3756264249896,1.0001159942764954,nan
202.37630752754922,0.9998888009262527,nan
202.376988629876,1.0001450078749399,nan
202.37766983220354,0.9997844456534214,nan
202.37835083476966,0.9996456605390653,nan
202.37903193709644,1.000157701968039,nan
202.37971313965681,1.0002064743482912,nan
202.3803942419836,1.0001573137760555,nan
202.38107534431037,0.9997679418905595,nan
202.38175644687726,0.9999755490022139,nan
202.3824376492048,0.999829522913992,nan
202.38311875153158,0.9998784308811146,nan
202.38379975409043,1.0002213217748284,nan
202.38448095641797,0.999968029843918,nan
202.38516205898486,1.0002211546736235,nan
202.38584316131164,1.0000273115509064,nan
202.38652436363918,0.9998265567063163,nan
202.3872054661988,0.9999749139441588,nan
202.38788656852557,1.0003577450611372,nan
202.38856777085311,1.0001431863525077,nan
202.38924877341924,0.9997329112254614,nan
202.38992987574602,0.9998477832854481,nan
202.39061107807356,1.0001030688940478,nan
202.39129218063317,1.0000918311739737,nan
202.39197328296723,0.9997609182390342,nan
202.39265448529477,1.0000005498479638,nan
202.39333558785438,1.0004213885735895,nan
202.39401679018192,0.9998198732811892,nan
202.39469779274077,0.9996035343537727,nan
202.39537889506755,0.998294369588195,nan
202.3960599974016,0.9997597480874844,nan
202.39674119996198,1.0001942749062331,nan
202.39742230228876,0.9999388151642877,nan
202.39810340461554,0.9996255010970179,nan
202.3987846071759,1.0000374512463115,nan
202.39946570950997,1.0000256734240816,nan
202.400146711836,0.9998848323059877,nan
202.40082791439636,1.0001389910607832,nan
202.40150901672314,1.0001824053899306,nan
202.40219011904992,0.99998633809241,nan
202.4028713216103,0.9998465812402592,nan
202.40355242394435,1.0000849624920918,nan
202.40423352627113,1.0001279783345514,nan
202.4049147288315,0.9995459354134153,nan
202.40559573115752,0.9997812667506897,nan
202.40627683349157,0.9998007290702,nan
202.40695803605195,0.9999608739417124,nan
202.40763913837873,1.0000306318474141,nan
202.4083202407055,1.0002389016436046,nan
202.40900134326512,1.0003167522475036,nan
202.40968254559266,1.0002759165336357,nan
202.41036364792672,1.0002826056299674,nan
202.41104465048556,0.9998768366894706,nan
202.4117258528131,1.0003219496759723,nan
202.4124069551399,0.9998040281594941,nan
202.4130880576995,1.000199704358741,nan
202.41376926003431,0.9987689374325255,nan
202.4144503623611,1.0000410452922461,nan
202.4151314649207,0.999809783849937,nan
202.41581266724825,0.9999538689490245,nan
202.41649366957427,1.0002200177825324,nan
202.41717477214115,0.9998109878504702,nan
202.41785587446793,1.0000011133981819,nan
202.41853707679547,0.9999919661516473,nan
202.41921817935508,1.0001322765598657,nan
202.41989938168263,0.9998994452774358,nan
202.4205804840094,1.0000459546415854,nan
202.42126158634346,1.0001955395620694,nan
202.4219425889023,1.0001215897292335,nan
202.42262379122985,0.9998537284963472,nan
202.42330489355663,0.9999183867992933,nan
202.423986096117,1.0000398857138362,nan
202.42466719845106,0.9999059687475792,nan
202.42534830077784,1.0003062170656731,nan
202.4260295033382,0.9999601018512682,nan
202.426710605665,0.9999593457175642,nan
202.427391607991,0.9999340604578645,nan
202.42807271032507,1.0000794772843251,nan
202.42875391288544,0.9996784842351345,nan
202.42943501521222,1.0001221091278012,nan
202.43011621753976,0.999859381973111,nan
202.43079732009937,1.0000290159243095,nan
202.43147842242615,1.0000001429208225,nan
202.43215962476097,0.9998608901534374,nan
202.43284072732058,1.0000472314095425,nan
202.4335217296466,0.9998908890434502,nan
202.43420293197414,1.000179472209038,nan
202.43488403430092,1.0000042197269259,nan
202.4355651368678,0.9996748990661841,nan
202.4362462391946,0.9996376602688004,nan
202.43692744152213,0.9998748923282298,nan
202.43760854408174,1.000075615333744,nan
202.43828964640852,0.9995414684857264,nan
202.43897074874258,0.9998941442656927,nan
202.43965185106936,0.9997456002687872,nan
202.44033295362897,1.0000520774217294,nan
202.4410141559565,1.000179300425559,nan
202.4416952582833,1.00024096405339,nan
202.4423763608429,0.9999195690079609,nan
202.44305746317696,0.9998019838570865,nan
202.4437386655045,0.9997772694175823,nan
202.44441966783052,0.9996582309190214,nan
202.44510077039013,0.9999809315254432,nan
202.44578197271767,0.9999492933521348,nan
202.44646307505172,0.9995198767228125,nan
202.44714417761134,0.9995395884846847,nan
202.44782537993888,1.0000563049691162,nan
202.44850648226566,0.9997062309341158,nan
202.4491876845932,1.000268023210341,nan
202.44986868715932,0.9999122348965194,nan
202.4505497894861,0.999993348464769,nan
202.45123089181288,1.0001258259175905,nan
202.45191209414043,0.9999177532871117,nan
202.45259319670004,1.0001118304397778,nan
202.45327439902758,1.0000229959973845,nan
202.45395550136163,0.9997642225712803,nan
202.4546366036884,0.9996368171925681,nan
202.45531760624726,1.0000602991113263,nan
202.4559988085748,0.9999690033157135,nan
202.45667991090158,1.0000315222922458,nan
202.45736111346923,1.0000626072665117,nan
202.458042215796,1.0000552572416166,nan
202.4587233181228,0.9999029326071007,nan
202.45940452045033,0.999859266052904,nan
202.46008562300995,1.0001259554420683,nan
202.46076662534324,0.9999556779011638,nan
202.46144772767002,0.9997954773526774,nan
202.46212892999756,0.999901719788762,nan
202.46281003255717,1.0001029109323571,nan
202.46349113488395,1.0000408414328346,nan
202.4641723372115,0.9996961105225755,nan
202.46485343954555,1.0002251802355249,nan
202.46553454210516,0.9995981443353577,nan
202.46621564443194,0.99969980060189,nan
202.46689674675872,1.000055338034812,nan
202.46757784909278,0.9997871570094018,nan
202.46825905165315,1.000063149677784,nan
202.46894015397993,0.9999052343745861,nan
202.4696212563067,0.9999000785364537,nan
202.4703023586335,1.0000109214580635,nan
202.47098356096103,1.000003783491611,nan
202.47166456352716,0.9999983254002042,nan
202.47234566585394,1.0001581288058259,nan
202.47302686818148,0.9999722456393634,nan
202.47370797050826,0.9999381097134586,nan
202.47438907306787,0.9995377313782369,nan
202.4750702753954,1.000033696932007,nan
202.47575137772947,1.0001134991120086,nan
202.47643248005625,0.9998246966981706,nan
202.4771134826151,0.9997222984657005,nan
202.47779468494264,1.000118775017374,nan
202.4784757872767,1.0001760750745379,nan
202.47915688960347,1.0002667707844424,nan
202.47983809216385,1.0004325371905565,nan
202.48051919449063,1.000018839983204,nan
202.48120039681817,1.0001424495072537,nan
202.48188149914495,0.9997499403301928,nan
202.48256250147824,0.9998291458750354,nan
202.48324360403785,0.9997497196038877,nan
202.4839248063654,0.9998476993722979,nan
202.48460590869217,1.0001008351663934,nan
202.48528711101972,0.999763219847969,nan
202.4859682135866,1.0005050411174088,nan
202.48664931591338,0.9999943196679488,nan
202.48733051824092,1.000016716635315,nan
202.48801152056694,1.0002448583432233,nan
202.48869262289372,1.0001175774506328,nan
202.4893738254541,1.0000993076920248,nan
202.49005492778815,1.0000099215416873,nan
202.49073603011493,1.0004323368581016,nan
202.49141723244247,0.9997805515623153,nan
202.49209833476925,0.9990098347315274,nan
202.49277943732886,0.9999565749653753,nan
202.49346053966292,0.9998090546104357,nan
202.4941416419897,0.9996968909403369,nan
202.49482274431648,0.9997536467237031,nan
202.49550394664402,1.0001739259074707,nan
202.49618504920363,0.9999417380639547,nan
202.4968661515377,0.999189827560911,nan
202.49754725386447,0.9999003294963168,nan
202.498228456192,0.9998649177609105,nan
202.49890945851803,0.9996221858808493,nan
202.49959056107764,0.9996321811954361,nan
202.50027176341246,0.9999686013319901,nan
202.50095286573924,0.9998979052209145,nan
